Pick,Team,PTS per game,TBR per game,AST per game,WS
1,ATL,12.1,4.33,1.97,17.23
1,BOS,8.3,8.4,1.4,42.0
1,BRK,14.4,8.05,2.2,56.15
1,CHA,16.2,7.5,3.3,69.7
1,CHI,16.65,5.85,3.65,77.1
1,CLE,18.0,5.25,3.73,79.6
1,DAL,20.0,5.0,3.1,67.8
1,DET,18.93,5.93,4.37,53.7
1,GSW,11.52,5.8,1.42,30.2
1,HOU,17.58,8.78,3.04,84.66
1,LAC,13.77,6.67,2.33,46.23
1,LAL,21.5,8.6,6.17,113.73
1,MIL,16.0,7.92,2.58,99.35
1,MIN,22.9,8.0,3.65,45.75
1,NOH,24.4,8.55,3.3,66.9
1,NYK,13.8,5.72,1.82,49.08
1,ORL,20.35,9.85,3.15,103.92
1,PHI,17.52,4.53,5.38,44.78
1,PHO,16.7,10.5,1.6,34.8
1,POR,10.07,7.18,1.72,26.9
1,SAC,13.52,5.98,3.82,58.12
1,SAS,20.5,10.67,3.13,129.6
1,TOR,14.3,4.6,1.2,18.9
1,WAS,13.9,6.82,3.32,50.5
2,ATL,15.7,13.38,2.9,98.12
2,BRK,12.6,3.1,6.1,62.5
2,CHA,13.7,6.98,1.38,39.2
2,CHI,12.3,5.68,2.58,45.08
2,CLE,5.8,6.3,1.5,29.3
2,DAL,12.6,6.3,8.7,138.6
2,DET,14.72,5.67,3.63,50.05
2,GSW,9.1,5.6,0.7,4.3
2,HOU,18.6,6.1,2.65,38.0
2,IND,14.43,6.67,1.67,44.23
2,LAC,13.14,7.2,1.52,77.38
2,LAL,17.46,5.28,5.06,47.84
2,MEM,13.18,4.16,3.9,34.78
2,MIA,12.4,4.7,1.3,15.6
2,MIL,14.1,5.5,2.0,13.8
2,MIN,8.9,4.0,0.7,14.1
2,NYK,7.27,3.97,1.6,12.37
2,OKC,20.03,6.27,4.5,108.2
2,ORL,16.9,4.5,3.9,25.6
2,PHI,10.75,5.8,1.82,26.75
2,PHO,13.15,7.3,1.65,44.2
2,POR,13.85,8.1,2.65,34.65
2,SAC,13.42,6.78,3.3,21.0
2,TOR,9.5,9.8,1.9,81.6
2,UTA,16.2,3.3,2.1,22.0
2,WAS,13.47,6.7,3.47,68.23
3,ATL,16.49,7.57,3.51,65.36
3,BOS,18.7,5.68,3.25,81.25
3,BRK,11.43,6.63,1.33,62.47
3,CHA,14.53,4.03,5.33,24.43
3,CHI,19.27,3.93,3.77,94.37
3,CLE,12.1,7.35,2.2,15.35
3,DEN,15.73,4.73,2.43,57.7
3,DET,12.1,5.1,2.57,34.27
3,GSW,14.53,8.9,2.88,75.5
3,HOU,12.5,7.1,2.5,31.75
3,IND,7.6,4.7,1.2,15.8
3,LAC,11.12,6.25,2.42,19.85
3,LAL,8.0,5.35,1.2,7.6
3,MEM,18.1,7.5,2.5,71.2
3,MIL,20.1,7.0,3.6,79.8
3,MIN,13.3,4.9,2.75,43.35
3,NYK,11.38,5.98,1.85,30.02
3,OKC,14.6,5.5,3.9,65.7
3,PHI,17.4,6.22,2.3,41.0
3,POR,14.0,3.1,5.4,-1.7
3,SAC,10.77,5.27,2.5,24.17
3,SAS,14.2,4.3,2.6,55.7
3,UTA,17.43,5.87,3.83,82.53
3,WAS,11.83,3.7,2.1,31.1
4,ATL,14.3,4.0,3.52,47.55
4,BOS,11.9,9.6,2.25,44.85
4,BRK,11.0,4.7,1.6,37.4
4,CHA,7.9,5.7,1.3,33.5
4,CHI,10.16,4.98,2.28,17.66
4,CLE,10.9,5.35,1.9,28.85
4,DAL,12.7,5.1,2.5,48.92
4,DEN,9.8,10.3,1.0,117.0
4,DET,8.77,5.31,1.45,14.37
4,GSW,14.5,4.9,3.55,46.2
4,HOU,9.5,6.6,2.6,4.3
4,IND,14.7,5.1,2.8,38.9
4,LAC,11.55,4.4,2.92,52.03
4,LAL,11.5,5.05,1.3,15.85
4,MEM,12.65,4.35,2.9,53.45
4,MIA,18.3,4.4,2.1,88.7
4,MIL,19.3,3.0,7.6,77.5
4,MIN,9.1,4.95,1.25,34.85
4,NOH,17.5,4.5,9.4,209.4
4,NYK,9.57,4.55,2.3,19.38
4,OKC,15.23,6.2,3.83,56.43
4,ORL,13.2,4.55,2.4,38.0
4,PHI,9.9,8.8,1.6,22.3
4,PHO,9.68,5.2,2.02,22.24
4,POR,7.7,4.8,0.9,13.0
4,SAC,11.13,3.83,2.23,12.83
4,TOR,18.1,7.8,2.77,69.9
4,WAS,13.4,6.4,2.0,79.55
5,ATL,5.93,4.37,0.83,15.83
5,BOS,9.7,3.75,1.1,30.55
5,CHA,11.03,4.03,3.07,36.83
5,CHI,6.85,4.0,1.8,8.6
5,CLE,13.45,2.75,4.2,15.0
5,DAL,25.5,3.6,9.5,37.6
5,DEN,6.02,3.9,0.9,16.82
5,DET,12.3,5.05,3.2,1.1
5,GSW,16.76,4.36,3.92,69.62
5,HOU,11.5,5.5,2.4,73.7
5,LAL,7.9,4.6,2.23,21.93
5,MEM,16.5,10.1,2.3,94.5
5,MIA,18.15,3.95,4.25,102.2
5,MIL,15.6,4.7,3.6,90.3
5,MIN,14.42,5.06,4.28,81.86
5,NYK,10.18,4.72,2.34,41.38
5,OKC,10.6,5.15,3.2,70.2
5,ORL,9.67,3.5,2.37,22.8
5,PHI,11.62,5.01,1.82,40.57
5,PHO,12.95,4.25,2.35,50.05
5,POR,7.0,3.1,1.5,12.9
5,SAC,10.56,6.04,2.46,23.41
5,TOR,9.45,5.85,0.95,42.05
5,UTA,6.1,2.0,2.2,5.9
5,WAS,13.0,4.5,2.73,57.87
6,ATL,9.95,3.93,2.57,34.85
6,BOS,16.35,6.43,3.38,55.98
6,BRK,8.2,3.4,2.1,14.6
6,CHI,11.2,3.8,1.4,31.95
6,CLE,9.4,1.4,1.9,0.0
6,DAL,6.4,3.95,1.05,8.15
6,DET,8.2,8.2,1.6,24.7
6,GSW,3.8,2.17,0.53,3.5
6,HOU,10.45,4.1,2.35,23.55
6,IND,15.8,4.0,1.7,3.2
6,LAC,16.73,5.63,2.4,83.13
6,LAL,12.45,5.8,2.0,29.6
6,MEM,10.55,5.55,1.7,44.35
6,MIL,5.4,3.05,0.7,1.8
6,MIN,11.82,3.9,2.82,27.62
6,NOH,11.3,5.15,1.85,26.6
6,NYK,8.3,4.46,1.32,31.64
6,OKC,10.06,4.76,2.28,19.46
6,ORL,6.67,4.2,1.03,8.93
6,PHI,9.9,7.05,1.25,21.12
6,PHO,5.3,2.6,0.85,0.4
6,POR,15.13,3.23,4.07,52.8
6,SAC,10.83,6.32,2.25,41.8
6,WAS,9.72,5.2,1.62,26.1
7,ATL,9.7,4.27,2.4,26.07
7,BOS,7.6,2.4,2.25,12.15
7,BRK,13.22,5.65,1.72,44.35
7,CHI,11.82,4.56,2.66,22.9
7,CLE,15.4,4.4,6.45,64.95
7,DAL,12.6,10.0,1.0,19.8
7,DEN,14.2,3.3,4.15,15.85
7,DET,9.83,5.07,3.03,19.03
7,GSW,12.49,4.66,2.2,43.29
7,HOU,7.9,3.5,1.5,4.55
7,IND,8.7,3.6,2.0,12.5
7,LAC,11.67,4.27,1.63,30.47
7,LAL,13.6,6.25,2.25,23.05
7,MIL,7.2,3.3,2.3,11.9
7,MIN,11.33,5.0,1.5,23.67
7,NYK,11.3,6.0,1.8,73.3
7,OKC,9.85,3.0,2.0,25.75
7,PHI,8.02,4.74,1.4,15.6
7,PHO,10.8,5.05,1.6,44.3
7,POR,11.75,2.7,1.75,9.5
7,SAC,8.97,4.12,2.27,19.28
7,SAS,14.0,5.2,5.0,52.1
7,TOR,11.9,4.05,3.45,39.0
7,UTA,10.2,6.05,2.0,43.75
7,WAS,17.1,3.1,3.4,62.8
8,ATL,6.35,4.18,1.02,14.1
8,BOS,10.43,4.18,1.52,32.38
8,BRK,15.65,5.35,2.4,51.0
8,CHA,10.8,3.05,1.6,25.45
8,CHI,7.8,6.7,0.7,46.8
8,CLE,12.93,3.58,3.47,48.22
8,DAL,10.65,5.55,2.0,55.7
8,DEN,6.7,1.9,1.7,0.1
8,DET,10.32,3.67,1.68,27.15
8,GSW,7.12,5.18,0.9,43.9
8,HOU,15.8,5.6,2.0,61.0
8,IND,18.9,9.5,2.9,20.9
8,LAC,8.98,3.96,1.28,26.18
8,LAL,8.43,3.93,1.23,30.43
8,MIL,10.68,3.92,2.48,20.48
8,NOH,4.8,3.5,2.5,4.2
8,NYK,6.67,4.39,1.1,13.27
8,OKC,15.6,9.8,3.2,112.5
8,ORL,17.8,4.6,3.4,15.7
8,PHI,11.23,3.0,2.7,19.9
8,PHO,10.95,6.7,1.9,18.7
8,POR,13.35,2.05,2.8,14.1
8,SAC,7.2,4.02,1.47,14.4
8,TOR,6.9,2.8,0.8,12.3
8,WAS,3.6,1.9,1.2,0.4
9,ATL,8.32,4.08,2.6,21.88
9,BOS,11.5,4.7,2.68,44.84
9,BRK,5.0,2.5,0.8,1.1
9,CHA,10.58,3.58,2.88,33.2
9,CHI,11.2,5.0,3.4,46.2
9,CLE,9.7,9.5,2.5,89.7
9,DAL,12.18,3.62,2.3,44.2
9,DEN,9.25,4.8,1.75,22.65
9,DET,7.9,5.5,0.98,31.0
9,GSW,6.28,2.22,1.52,8.3
9,HOU,3.9,6.2,0.4,23.0
9,LAC,10.45,5.15,1.85,21.85
9,LAL,5.17,4.03,0.97,1.53
9,MIA,12.5,6.2,1.25,23.2
9,MIL,20.7,7.5,2.4,206.3
9,MIN,9.6,1.8,3.1,12.9
9,NYK,5.28,3.18,0.52,2.45
9,OKC,11.0,4.7,2.4,61.8
9,PHI,9.53,4.8,2.9,61.83
9,PHO,17.05,8.25,1.55,108.7
9,SAC,5.87,3.31,1.34,16.13
9,SAS,11.3,5.9,3.0,1.5
9,TOR,16.37,5.57,3.4,79.13
9,UTA,11.25,4.5,2.15,32.3
9,WAS,7.48,4.26,1.1,8.24
10,ATL,9.06,3.73,2.05,22.9
10,BOS,13.48,3.32,3.0,75.23
10,BRK,14.1,5.2,1.8,50.8
10,CHI,7.0,4.55,1.5,58.8
10,CLE,3.5,1.2,0.8,0.2
10,DAL,6.8,2.3,1.5,4.0
10,DET,6.55,1.85,2.65,16.25
10,GSW,4.5,2.55,0.8,-0.1
10,IND,14.1,6.7,2.25,70.6
10,LAL,14.02,5.54,2.6,59.84
10,MIA,10.13,5.57,2.0,41.1
10,MIL,8.22,3.5,2.1,15.25
10,MIN,11.1,2.8,6.5,26.7
10,NOH,8.0,2.3,1.65,8.9
10,NYK,10.22,4.96,2.1,25.38
10,OKC,2.2,1.6,0.0,0.3
10,ORL,9.0,3.75,1.65,20.65
10,PHI,10.27,3.1,3.83,19.6
10,PHO,6.5,3.85,1.52,15.78
10,POR,13.4,2.75,3.9,28.4
10,SAC,9.1,4.62,1.5,21.5
10,SAS,11.65,3.15,4.65,24.85
10,WAS,9.98,3.02,1.42,24.06
11,ATL,8.0,4.7,1.25,41.7
11,BOS,3.67,2.27,0.7,1.97
11,BRK,12.15,5.95,2.2,15.15
11,CHA,13.07,2.97,2.87,18.57
11,CHI,5.75,3.12,1.23,7.9
11,CLE,9.6,2.15,3.7,34.4
11,DAL,16.5,2.9,3.8,81.2
11,DEN,8.9,2.2,1.0,21.1
11,DET,9.4,4.42,1.48,27.72
11,GSW,9.45,4.5,1.25,29.89
11,HOU,7.55,5.2,1.5,46.95
11,IND,13.5,3.97,2.37,79.0
11,LAL,5.45,3.9,1.7,4.5
11,MIL,8.0,3.55,1.5,24.1
11,MIN,11.7,3.9,1.7,17.7
11,NOH,3.1,3.3,0.5,9.6
11,NYK,4.36,2.04,0.98,0.88
11,OKC,8.75,4.25,2.0,9.65
11,ORL,11.12,4.45,2.42,44.7
11,PHI,10.2,4.3,4.3,6.6
11,POR,9.75,4.95,3.55,38.5
11,SAC,7.8,3.3,1.1,3.5
11,SAS,13.6,3.7,2.5,9.7
11,UTA,5.7,5.3,1.3,6.3
11,WAS,10.07,6.17,2.73,22.03
12,ATL,7.27,5.43,1.57,28.3
12,BOS,9.07,5.1,1.67,39.77
12,BRK,13.5,4.1,6.7,71.8
12,CHA,12.05,4.35,2.05,15.4
12,CHI,8.3,7.3,1.4,22.0
12,CLE,7.83,4.0,2.57,17.87
12,DAL,5.05,4.15,0.5,13.35
12,DET,8.62,3.28,1.45,17.62
12,GSW,5.8,2.63,2.17,21.0
12,HOU,7.65,3.6,1.0,14.4
12,IND,6.8,4.0,1.0,27.6
12,LAC,7.07,3.23,1.2,7.37
12,LAL,11.35,4.65,2.4,32.83
12,MEM,5.7,1.9,0.6,0.8
12,MIA,8.4,2.15,2.2,6.3
12,MIL,15.55,6.15,2.85,60.15
12,NOH,3.0,2.6,0.3,3.9
12,NYK,7.88,2.48,2.78,24.48
12,OKC,8.24,4.73,1.46,21.39
12,ORL,7.75,4.35,1.25,16.8
12,PHI,6.98,3.42,1.14,16.58
12,POR,14.3,2.0,2.9,53.7
12,SAC,13.05,5.15,4.9,25.5
12,SAS,5.7,2.3,1.8,-0.3
12,TOR,1.7,2.4,0.5,-0.4
12,UTA,9.53,3.77,1.6,20.3
12,WAS,7.44,3.02,2.8,22.06
13,ATL,4.1,0.6,1.4,0.5
13,BOS,5.85,3.7,1.4,6.5
13,BRK,9.93,2.2,3.47,17.8
13,CHA,14.43,6.47,2.47,61.53
13,CHI,3.8,1.0,1.1,0.3
13,CLE,12.0,3.2,3.4,43.9
13,DAL,10.3,5.2,2.4,44.4
13,DEN,16.4,3.73,3.47,40.37
13,DET,15.3,3.0,3.7,29.8
13,GSW,6.6,4.3,0.9,4.85
13,HOU,12.6,4.0,2.0,83.0
13,IND,7.02,4.18,1.15,31.3
13,LAC,6.58,3.38,1.38,11.6
13,LAL,8.57,3.27,2.2,25.17
13,MEM,5.9,1.5,2.1,6.6
13,MIA,18.1,4.9,3.6,12.5
13,MIL,5.45,2.25,0.8,4.75
13,MIN,20.5,4.1,3.9,32.2
13,NOH,4.55,1.8,1.3,2.6
13,NYK,10.2,3.25,2.2,37.4
13,OKC,16.0,4.9,2.1,62.2
13,ORL,8.6,4.05,1.05,11.15
13,PHI,4.53,3.07,0.97,14.1
13,PHO,10.96,3.24,3.52,23.78
13,POR,7.1,2.25,2.25,8.1
13,SAC,6.4,2.3,2.07,14.93
13,TOR,7.2,4.3,0.9,21.8
13,UTA,16.35,7.55,2.35,141.7
13,WAS,8.48,4.4,1.18,19.52
14,ATL,5.9,2.68,1.1,30.48
14,BOS,6.5,3.48,1.66,14.72
14,BRK,2.1,2.6,0.0,-0.7
14,CHI,10.7,6.05,2.05,31.6
14,CLE,6.7,2.5,1.1,1.4
14,DEN,15.7,6.2,1.2,20.1
14,DET,7.07,2.07,1.77,11.33
14,GSW,9.0,4.01,2.53,27.37
14,HOU,11.37,3.73,1.7,26.93
14,IND,7.6,3.32,1.48,17.5
14,LAC,10.07,5.47,1.1,30.13
14,LAL,5.1,1.85,1.45,5.0
14,MIA,15.4,8.7,3.5,50.1
14,MIL,7.6,5.3,1.1,20.7
14,MIN,6.35,1.35,1.35,1.35
14,NOH,7.8,2.2,1.0,1.3
14,NYK,5.3,4.3,0.9,0.3
14,OKC,6.37,1.8,2.7,15.97
14,PHI,14.7,5.17,2.63,73.33
14,PHO,9.62,3.12,2.15,26.92
14,POR,12.1,3.8,2.4,47.83
14,SAC,9.9,2.8,1.7,28.2
14,SAS,5.2,1.7,0.9,-0.5
14,UTA,7.83,3.67,0.93,23.07
14,WAS,8.88,1.8,2.7,8.72
15,ATL,6.19,3.76,0.93,4.49
15,BOS,15.7,8.4,1.5,71.0
15,BRK,5.4,2.3,1.0,3.1
15,CHA,10.1,7.9,0.6,4.9
15,CHI,5.0,2.85,0.8,-0.35
15,CLE,8.43,3.03,0.73,18.97
15,DAL,5.9,3.35,1.25,15.5
15,DEN,7.42,3.08,1.44,20.76
15,DET,7.63,3.77,1.28,11.18
15,GSW,2.1,1.35,0.85,0.0
15,HOU,7.25,3.55,0.95,7.45
15,IND,13.75,4.3,2.0,65.15
15,LAC,5.0,3.05,1.35,2.4
15,LAL,8.97,4.23,2.9,32.97
15,MIA,3.4,0.9,0.7,0.2
15,MIL,11.8,6.13,1.97,40.5
15,NOH,2.2,1.9,0.2,0.1
15,NYK,6.8,2.4,2.85,2.25
15,OKC,7.9,2.3,5.5,12.0
15,ORL,7.78,3.4,1.6,15.2
15,PHI,5.53,2.6,1.17,10.37
15,PHO,8.5,2.97,3.27,60.2
15,POR,5.55,1.9,0.95,5.25
15,SAC,4.3,3.0,0.8,3.4
15,SAS,8.4,4.1,0.9,11.0
15,UTA,7.3,1.75,1.05,20.75
15,WAS,7.03,3.27,1.3,6.27
16,ATL,6.42,3.1,0.8,8.68
16,BOS,4.53,2.03,0.95,6.25
16,BRK,4.6,1.2,1.7,6.3
16,CHA,5.15,1.75,1.1,9.5
16,CHI,7.75,4.23,1.62,21.95
16,CLE,7.3,2.4,6.1,32.6
16,DAL,4.6,3.0,0.6,17.7
16,DEN,3.0,0.9,0.7,-0.3
16,GSW,6.25,2.87,1.83,14.22
16,HOU,5.78,1.55,1.08,4.62
16,LAC,2.4,0.6,1.7,0.6
16,LAL,10.0,3.1,3.7,19.7
16,MIL,8.67,6.07,1.33,23.8
16,MIN,4.8,2.2,0.6,7.2
16,NYK,6.1,2.6,2.5,16.6
16,OKC,10.55,3.32,3.18,17.75
16,ORL,6.3,3.7,1.5,4.4
16,PHI,6.81,3.87,1.29,16.8
16,PHO,8.5,1.9,2.6,16.0
16,POR,9.0,4.85,3.1,16.6
16,SAC,5.55,2.8,1.22,15.98
16,TOR,5.9,2.8,0.5,7.8
16,UTA,10.8,2.6,5.33,70.63
16,WAS,11.4,2.0,1.0,18.6
17,ATL,9.57,3.6,2.65,22.8
17,BOS,4.15,2.17,0.75,4.22
17,BRK,6.17,3.0,1.17,5.97
17,CHA,4.5,1.1,1.0,1.3
17,CHI,4.4,2.25,0.65,3.05
17,CLE,8.6,3.4,3.8,28.3
17,DAL,4.5,3.1,0.65,8.75
17,DET,9.47,2.2,3.87,27.9
17,GSW,9.4,4.45,1.5,17.85
17,HOU,5.4,4.0,0.6,1.8
17,IND,11.2,3.95,1.3,27.6
17,LAL,3.48,3.48,0.68,4.88
17,MEM,7.4,2.4,1.4,7.3
17,MIL,5.15,2.53,1.22,5.55
17,MIN,7.15,4.85,1.45,19.85
17,NYK,7.7,3.28,1.84,22.72
17,OKC,12.63,5.67,2.27,56.1
17,ORL,4.7,2.2,0.5,0.1
17,PHI,8.8,2.65,3.7,34.65
17,PHO,4.3,2.1,0.6,1.1
17,POR,7.53,3.7,1.47,35.27
17,SAC,6.47,2.65,1.53,4.07
17,TOR,6.4,4.85,0.9,18.95
17,UTA,4.1,3.2,0.5,6.2
17,WAS,6.0,2.4,1.25,4.3
18,ATL,7.65,2.35,2.35,7.45
18,BOS,6.93,1.83,0.6,6.83
18,BRK,3.6,2.3,0.5,2.9
18,CHI,5.7,1.67,2.67,15.87
18,CLE,4.4,4.7,1.3,4.8
18,DAL,6.4,2.7,1.5,7.7
18,DEN,8.05,4.05,1.35,30.0
18,DET,7.92,3.0,1.4,34.2
18,GSW,7.15,2.45,1.0,15.3
18,HOU,7.84,3.28,1.48,24.86
18,IND,6.5,2.9,2.0,21.27
18,LAC,10.3,4.7,1.5,32.8
18,LAL,5.55,1.55,1.4,4.1
18,MIA,11.9,3.8,2.6,4.0
18,MIL,5.5,2.58,1.2,6.8
18,MIN,12.7,2.7,6.0,42.1
18,NOH,13.0,4.75,2.15,66.1
18,NYK,8.6,3.3,4.35,49.1
18,OKC,8.9,3.17,2.47,16.17
18,ORL,3.1,3.3,0.8,1.0
18,PHO,4.2,1.3,1.9,1.3
18,POR,5.2,3.4,0.8,2.8
18,SAC,8.67,3.93,1.77,13.09
18,SAS,9.4,2.4,1.15,14.35
18,UTA,1.3,0.7,0.0,-0.1
18,WAS,6.85,3.62,0.92,19.05
19,ATL,10.88,4.66,2.5,25.84
19,BOS,9.07,2.7,1.9,16.97
19,BRK,14.1,5.2,1.8,14.6
19,CHA,11.75,6.35,1.5,48.95
19,CHI,11.0,2.4,1.9,25.8
19,CLE,6.25,4.15,0.85,11.35
19,DAL,7.3,1.3,1.2,1.3
19,DEN,9.75,2.5,3.35,8.75
19,DET,6.3,3.15,0.88,13.35
19,GSW,6.27,3.57,1.93,1.97
19,HOU,7.0,1.8,1.1,3.1
19,LAC,11.45,4.1,1.85,11.8
19,LAL,4.8,1.78,0.95,3.65
19,MEM,9.4,4.0,0.8,20.4
19,MIA,8.4,3.8,1.5,25.9
19,MIL,7.3,2.6,0.8,18.7
19,MIN,6.9,2.7,1.1,1.5
19,NYK,5.86,2.42,2.4,20.34
19,OKC,10.75,6.2,1.8,12.7
19,ORL,6.0,3.0,0.4,3.8
19,PHI,4.37,1.07,0.9,0.3
19,PHO,5.7,2.2,1.6,4.2
19,POR,8.1,3.93,1.13,28.17
19,SAC,8.43,1.4,2.7,27.77
19,SAS,5.07,2.37,1.6,12.2
19,UTA,3.58,1.6,0.92,1.65
19,WAS,8.12,2.68,2.1,22.7
20,ATL,8.17,3.73,1.53,4.0
20,BOS,4.85,1.8,1.48,8.48
20,CHA,6.1,3.7,0.95,11.95
20,CHI,5.75,3.35,1.12,10.38
20,CLE,11.33,6.7,0.87,46.77
20,DAL,5.3,1.4,0.8,0.7
20,DEN,8.7,2.13,2.8,26.27
20,DET,8.57,3.47,1.52,9.2
20,GSW,9.7,2.3,3.0,34.15
20,HOU,8.0,3.78,1.05,11.3
20,IND,14.1,3.9,4.1,19.9
20,LAL,3.9,3.9,1.15,7.4
20,MIA,8.27,3.93,1.47,12.03
20,MIL,10.6,3.9,5.1,49.0
20,MIN,5.78,2.6,1.0,4.78
20,NYK,6.1,2.5,1.15,17.45
20,OKC,5.65,1.7,1.95,12.7
20,PHI,5.3,1.93,2.73,4.57
20,PHO,17.1,8.0,2.6,109.6
20,POR,5.27,3.7,1.2,7.9
20,SAC,3.3,1.4,1.9,0.9
20,SAS,6.87,2.17,1.4,1.13
20,TOR,5.87,2.47,1.6,10.47
20,UTA,4.3,1.3,2.8,3.3
21,ATL,6.07,3.43,1.53,10.63
21,BOS,4.6,3.06,1.16,11.64
21,BRK,7.6,3.4,1.15,18.05
21,CHA,13.5,3.5,3.3,28.0
21,CHI,4.2,3.6,0.9,4.7
21,DAL,5.3,2.6,0.8,4.9
21,DEN,7.2,2.8,1.67,6.0
21,GSW,7.2,5.7,1.75,36.35
21,HOU,7.0,1.9,2.2,-0.2
21,LAL,12.65,3.55,2.0,28.15
21,MIL,6.4,4.4,1.0,20.4
21,NOH,12.5,2.7,5.0,49.9
21,NYK,6.88,2.82,1.23,3.08
21,OKC,6.34,3.22,0.82,6.54
21,PHI,7.56,3.37,1.5,10.47
21,PHO,9.32,4.48,3.0,39.8
21,POR,5.1,2.2,1.08,8.12
21,SAC,9.8,1.9,2.1,27.9
21,TOR,10.7,3.5,1.5,35.7
21,UTA,7.88,3.2,2.04,20.08
21,WAS,8.8,4.35,1.6,25.15
22,ATL,6.2,2.27,1.9,2.5
22,BOS,8.9,2.85,1.58,15.18
22,BRK,5.81,3.63,1.74,16.29
22,CHA,4.5,2.1,0.67,14.57
22,CHI,8.6,5.4,1.0,16.1
22,CLE,6.43,2.67,1.27,13.17
22,DEN,8.9,4.5,2.0,27.0
22,GSW,4.8,1.0,1.4,1.0
22,HOU,9.3,6.9,1.5,31.2
22,LAC,3.85,3.55,0.4,8.5
22,LAL,8.63,3.07,3.17,18.3
22,MEM,5.57,4.13,0.63,4.43
22,MIL,8.07,3.1,3.0,13.93
22,NYK,5.43,3.1,0.93,7.77
22,ORL,6.05,2.45,1.25,20.0
22,PHI,7.36,3.3,1.96,9.0
22,PHO,7.37,3.3,2.43,21.1
22,POR,6.55,1.78,1.72,10.38
22,SAS,2.7,2.0,0.4,1.6
22,WAS,11.45,5.4,1.95,34.95
23,ATL,6.47,3.9,0.87,13.43
23,BOS,4.2,2.5,0.47,1.57
23,BRK,5.2,4.9,0.5,9.1
23,CHI,6.05,1.6,1.05,12.8
23,DEN,5.52,2.52,1.6,5.45
23,DET,8.32,4.82,1.35,25.6
23,HOU,6.42,3.06,1.26,11.16
23,IND,7.42,2.42,2.17,16.52
23,LAL,5.37,3.73,0.77,39.2
23,MIL,13.3,3.4,3.6,54.3
23,MIN,6.9,5.5,1.1,26.2
23,NYK,6.8,3.15,1.2,14.35
23,OKC,7.44,4.86,1.9,19.76
23,ORL,8.5,5.2,0.6,8.1
23,PHI,10.23,2.2,2.03,23.03
23,PHO,11.2,3.3,1.7,44.0
23,POR,6.65,3.58,1.18,7.48
23,SAC,7.57,4.0,1.3,16.2
23,SAS,7.3,6.2,0.6,18.7
23,TOR,12.0,4.3,1.6,24.8
23,UTA,8.05,3.75,1.23,15.22
24,ATL,5.15,3.35,1.75,0.9
24,BOS,7.7,2.98,2.78,23.52
24,BRK,10.0,5.4,0.8,21.5
24,CHA,7.1,1.9,2.5,8.1
24,CHI,3.85,2.0,0.95,1.1
24,CLE,5.52,2.48,2.22,16.68
24,DAL,9.07,4.37,1.13,9.53
24,DET,2.8,1.2,0.9,2.1
24,GSW,12.5,6.65,2.55,51.15
24,HOU,10.2,2.34,3.08,30.26
24,LAC,3.95,4.4,1.45,7.85
24,LAL,6.9,2.35,1.8,36.25
24,MEM,14.3,4.3,6.2,111.6
24,MIL,4.92,2.62,0.92,1.1
24,NYK,10.03,4.23,1.53,14.77
24,OKC,12.3,4.95,2.5,54.6
24,PHI,5.42,2.17,1.35,2.95
24,PHO,5.93,2.8,1.47,6.63
24,POR,12.02,3.7,3.0,42.38
24,SAC,2.2,1.95,0.65,0.55
24,SAS,3.8,1.8,0.67,1.4
24,UTA,6.4,2.63,2.23,25.9
25,ATL,8.05,2.72,1.0,17.25
25,BOS,7.05,2.85,1.58,15.6
25,CHI,3.25,2.95,2.3,11.05
25,CLE,6.2,1.6,1.9,4.85
25,DAL,15.2,2.6,6.7,71.1
25,DEN,2.9,0.9,1.9,0.1
25,DET,8.1,3.6,1.7,22.5
25,GSW,9.03,5.53,1.47,14.57
25,HOU,11.35,7.85,2.15,68.4
25,IND,9.25,3.85,1.5,21.15
25,LAC,6.16,2.58,0.98,7.44
25,LAL,6.47,2.57,1.83,5.7
25,MEM,6.98,2.3,2.17,0.78
25,MIA,1.6,1.1,0.3,0.0
25,NYK,5.47,2.93,0.87,13.53
25,OKC,8.5,3.07,2.03,9.73
25,ORL,4.25,3.5,0.5,0.5
25,PHI,5.78,2.6,1.42,8.48
25,PHO,4.8,3.9,0.3,9.9
25,POR,5.5,3.07,0.97,6.77
25,SAC,8.12,4.53,1.78,19.95
25,SAS,4.6,1.8,2.7,-0.7
25,UTA,3.9,1.7,0.45,1.0
25,WAS,3.1,1.15,1.4,0.9
26,BOS,7.5,2.4,2.3,12.3
26,CHI,4.9,2.93,1.03,20.53
26,CLE,5.4,3.4,1.0,2.9
26,DAL,3.8,1.43,0.73,2.13
26,DEN,6.9,2.8,1.45,2.8
26,DET,4.66,3.16,0.58,13.1
26,HOU,9.7,1.7,3.0,19.2
26,IND,4.58,2.15,1.0,3.05
26,LAL,6.68,3.1,1.78,27.8
26,MIA,5.55,1.9,0.7,1.2
26,MIN,3.3,2.5,0.55,6.35
26,NYK,5.15,2.52,1.6,12.2
26,OKC,6.17,2.63,1.03,6.67
26,ORL,1.8,0.9,0.3,0.1
26,PHI,7.73,3.83,1.1,23.67
26,POR,4.03,1.83,1.12,5.28
26,SAC,6.57,1.72,0.9,14.98
26,SAS,9.85,2.95,2.75,52.45
26,UTA,2.4,2.4,0.3,0.3
27,ATL,4.9,2.55,0.85,7.6
27,BOS,5.4,5.2,0.85,12.35
27,BRK,9.86,2.9,1.62,5.3
27,CHA,5.9,1.4,1.2,-0.5
27,CHI,4.7,2.45,1.05,2.8
27,CLE,7.3,2.9,0.85,12.55
27,DEN,12.7,11.8,1.3,106.0
27,DET,7.6,6.13,1.47,42.33
27,GSW,5.4,3.5,0.6,4.8
27,HOU,2.55,1.5,0.8,0.2
27,IND,4.87,1.97,1.03,3.73
27,LAL,7.06,3.89,1.15,19.8
27,MEM,7.6,4.3,2.8,24.87
27,MIA,5.35,3.4,0.9,1.9
27,MIL,7.3,2.8,1.2,26.2
27,NOH,6.5,3.5,0.8,12.3
27,NYK,3.5,1.2,1.5,0.4
27,OKC,4.1,4.4,0.3,5.2
27,ORL,4.1,1.25,1.25,1.85
27,PHO,5.9,2.06,1.58,5.72
27,POR,8.7,3.6,0.8,13.6
27,SAC,6.17,2.2,1.6,19.07
27,SAS,4.25,1.4,1.3,0.1
27,TOR,17.7,6.6,3.6,47.9
27,UTA,3.63,1.87,0.97,5.9
28,ATL,6.15,2.2,1.17,2.72
28,BOS,3.0,1.0,0.4,0.4
28,CHA,3.3,1.3,1.1,0.4
28,CHI,4.4,2.36,0.93,2.51
28,CLE,8.05,5.2,1.15,32.55
28,DAL,4.65,1.45,0.8,13.9
28,GSW,6.02,1.85,1.28,2.28
28,LAC,2.0,0.5,0.5,0.1
28,LAL,4.73,2.77,0.8,6.37
28,MEM,7.55,2.45,2.75,7.05
28,MIA,11.0,2.2,5.9,32.9
28,MIN,6.45,2.9,0.65,11.85
28,NYK,7.3,3.15,2.0,3.3
28,OKC,3.4,1.7,0.4,0.4
28,PHI,2.2,1.85,0.55,0.35
28,PHO,6.9,3.5,1.3,11.73
28,POR,2.95,1.45,1.1,-0.1
28,SAC,4.8,2.22,1.2,2.08
28,SAS,9.82,3.67,2.63,43.78
28,UTA,6.78,3.88,1.0,14.95
29,ATL,1.7,1.4,0.9,-0.1
29,BOS,6.1,6.8,1.0,14.2
29,BRK,5.57,3.83,0.9,30.13
29,CHA,2.0,1.3,0.3,0.0
29,CHI,5.2,2.75,1.58,17.27
29,CLE,11.0,2.2,1.5,50.3
29,DAL,14.3,5.7,1.6,38.0
29,DET,6.1,2.44,1.04,10.88
29,GSW,10.6,3.95,2.5,26.1
29,IND,5.18,2.38,0.74,6.44
29,LAL,4.9,2.4,1.35,10.15
29,MEM,3.8,1.2,1.2,-0.2
29,MIA,3.3,1.9,0.2,0.9
29,MIL,3.3,2.2,0.6,0.7
29,NYK,3.35,2.0,1.1,4.1
29,OKC,7.63,2.77,2.17,28.13
29,ORL,2.8,2.5,0.5,1.0
29,PHI,9.13,4.1,2.1,10.33
29,PHO,4.13,2.6,0.53,2.6
29,SAC,12.55,3.15,2.65,53.1
29,SAS,8.61,3.21,2.54,14.93
29,TOR,5.5,1.7,1.9,2.8
29,UTA,5.8,4.7,0.4,34.3
30,ATL,4.55,3.2,0.8,0.65
30,BOS,7.3,2.38,1.27,6.6
30,CHI,7.08,3.1,1.68,26.64
30,CLE,6.3,2.7,0.8,-0.4
30,DAL,5.03,3.5,0.57,19.83
30,DEN,4.3,1.8,1.9,0.5
30,DET,1.6,1.05,0.25,-0.05
30,GSW,4.65,3.08,1.37,8.22
30,HOU,7.4,4.4,0.6,23.1
30,IND,3.1,0.8,0.8,-0.2
30,LAC,9.43,4.47,2.0,24.67
30,LAL,1.3,0.6,0.65,-0.1
30,MIA,5.3,3.6,0.6,9.0
30,MIL,8.6,2.7,2.65,2.0
30,MIN,6.5,1.7,3.5,19.5
30,NYK,8.38,4.58,1.35,21.92
30,OKC,5.9,3.45,3.5,26.45
30,ORL,7.2,7.2,1.2,46.4
30,PHI,2.0,0.0,0.0,0.0
30,PHO,1.55,1.05,0.45,-0.2
30,POR,4.07,2.47,0.8,10.03
30,SAS,5.2,2.95,1.75,18.65
30,UTA,9.25,5.7,2.1,17.3
30,WAS,4.87,2.77,0.57,6.4
31,ATL,9.45,2.2,3.35,35.2
31,BOS,7.85,2.95,2.2,37.55
31,BRK,6.15,4.55,0.9,10.85
31,CHA,7.3,1.9,0.9,1.9
31,CHI,5.26,2.94,0.98,10.36
31,CLE,7.9,2.25,0.95,12.0
31,DAL,2.0,1.0,0.4,0.15
31,DEN,2.4,1.4,0.6,0.0
31,DET,9.0,9.1,1.7,5.7
31,GSW,11.55,2.8,2.75,25.4
31,HOU,5.3,1.1,1.3,2.1
31,IND,9.3,2.4,4.3,3.3
31,LAC,6.7,2.0,0.8,2.1
31,LAL,10.3,5.37,1.63,24.73
31,MIA,15.6,3.6,1.7,37.6
31,MIL,4.13,2.57,0.6,4.87
31,MIN,10.95,4.85,1.35,15.65
31,OKC,10.8,4.9,0.7,35.9
31,PHI,2.6,1.7,0.8,0.85
31,PHO,5.43,2.0,2.03,2.6
31,POR,5.1,3.5,0.7,7.97
31,SAC,3.6,1.86,0.88,3.68
31,WAS,2.9,3.15,0.3,6.7
32,ATL,3.35,3.15,0.45,-0.05
32,BOS,2.35,1.45,0.55,0.05
32,BRK,3.85,3.2,0.4,3.75
32,CHA,1.9,1.4,0.1,0.2
32,CHI,5.88,2.85,0.92,6.68
32,CLE,3.4,1.0,0.75,0.15
32,DET,2.5,2.1,0.65,-0.2
32,HOU,8.4,3.15,0.8,28.7
32,IND,1.7,1.15,0.45,0.0
32,LAC,4.5,2.35,1.45,4.2
32,LAL,6.33,4.7,1.43,22.2
32,MEM,3.25,1.65,1.0,4.1
32,MIA,2.3,1.8,0.2,0.5
32,MIL,4.2,2.6,0.6,2.0
32,NYK,6.4,3.2,0.82,5.15
32,OKC,7.12,2.28,1.18,26.98
32,ORL,2.9,1.15,1.3,1.05
32,PHI,4.5,3.05,0.95,11.18
32,PHO,2.92,1.68,0.55,0.62
32,WAS,5.36,3.3,1.77,14.17
33,ATL,3.0,2.3,0.4,5.0
33,BOS,2.75,1.9,0.25,0.15
33,CHI,3.9,1.63,0.8,3.83
33,CLE,5.46,1.94,1.3,6.82
33,DAL,7.5,2.68,2.4,11.4
33,DEN,4.23,1.5,1.53,0.5
33,DET,9.35,2.5,2.3,12.4
33,GSW,6.3,4.5,0.6,9.0
33,LAC,3.37,1.83,0.93,2.03
33,MEM,5.1,1.1,2.0,0.0
33,MIA,5.25,3.3,0.85,30.05
33,MIL,3.65,1.45,2.1,4.95
33,MIN,1.9,1.6,0.3,0.3
33,NOH,8.7,4.5,0.8,42.8
33,NYK,3.3,1.0,1.3,-0.1
33,OKC,4.6,3.5,0.5,5.1
33,ORL,3.45,2.2,1.45,2.15
33,PHI,4.07,2.13,0.6,1.07
33,PHO,5.35,2.95,1.05,3.08
33,POR,4.75,2.68,1.1,11.42
33,SAC,12.6,10.8,0.6,52.0
33,SAS,4.87,2.63,0.53,8.3
33,TOR,3.1,2.9,0.5,1.7
33,UTA,2.1,1.4,0.2,-0.1
34,ATL,4.6,1.68,1.3,2.84
34,BRK,2.8,3.9,0.5,4.0
34,CHA,4.3,2.65,0.8,3.3
34,CHI,6.3,2.17,3.15,14.27
34,CLE,9.3,4.2,1.6,42.9
34,DAL,4.1,3.4,0.4,0.8
34,DEN,4.4,3.9,0.3,0.3
34,DET,4.0,5.2,3.6,-0.2
34,GSW,3.52,1.62,0.78,4.85
34,HOU,4.45,1.5,1.15,2.1
34,IND,5.6,3.3,0.6,2.4
34,LAC,2.6,1.9,0.4,0.5
34,LAL,3.9,2.5,0.7,-0.2
34,MIL,4.7,4.4,0.4,15.8
34,MIN,4.42,1.42,2.02,8.9
34,NYK,2.68,1.58,0.6,-0.1
34,OKC,4.8,4.0,1.6,4.3
34,PHI,4.85,2.68,1.18,4.28
34,PHO,7.2,2.0,4.25,17.7
34,POR,3.3,1.0,1.95,0.3
34,SAC,5.83,2.7,1.33,3.4
34,UTA,9.6,2.4,1.1,30.1
34,WAS,4.6,1.65,1.7,5.25
35,ATL,3.6,1.7,0.7,-0.1
35,BOS,3.73,1.4,0.67,1.3
35,BRK,3.1,2.0,0.8,7.6
35,CHA,3.5,1.0,2.0,1.6
35,CHI,4.4,3.4,0.6,6.15
35,CLE,16.2,9.5,2.2,80.3
35,DAL,4.62,1.42,1.54,0.84
35,DET,3.3,1.0,0.3,-0.1
35,GSW,8.57,3.97,3.67,26.9
35,HOU,5.9,4.7,1.15,15.15
35,LAC,8.8,10.0,0.9,97.0
35,LAL,3.4,1.65,0.8,0.8
35,MIA,4.4,3.1,1.2,0.35
35,MIL,3.9,1.8,1.0,-0.4
35,NOH,10.1,3.8,2.4,15.2
35,OKC,4.7,2.5,0.5,9.35
35,ORL,4.2,2.6,0.6,1.4
35,PHI,5.0,3.65,0.85,8.05
35,PHO,2.5,2.0,0.0,-0.1
35,SAC,6.9,5.62,1.23,25.9
35,SAS,5.6,3.1,0.9,28.25
35,TOR,5.55,3.6,1.4,21.6
35,UTA,3.15,1.3,1.35,0.15
35,WAS,5.0,3.32,0.83,15.17
36,ATL,4.05,2.0,0.7,0.4
36,BOS,5.3,4.95,0.55,5.4
36,BRK,2.67,1.73,0.13,0.53
36,CHA,6.0,3.6,2.3,5.9
36,CLE,2.8,1.4,0.7,-0.2
36,DAL,4.4,1.7,0.3,2.1
36,DET,7.1,4.0,1.6,15.6
36,GSW,3.1,1.8,0.3,0.0
36,IND,4.6,0.8,1.4,-0.1
36,LAL,2.3,0.7,2.0,-0.5
36,MEM,6.05,1.9,1.1,2.6
36,MIL,9.67,4.07,2.1,27.2
36,MIN,4.85,2.9,0.45,8.25
36,NYK,6.3,5.4,0.4,17.05
36,OKC,4.0,1.8,1.15,2.5
36,ORL,2.73,1.27,1.47,0.9
36,PHI,5.15,2.43,1.83,20.73
36,PHO,5.0,3.8,1.0,4.5
36,POR,9.75,5.85,1.4,55.3
36,SAC,7.78,3.18,1.2,14.2
36,WAS,6.8,1.75,1.9,5.6
37,ATL,3.73,1.87,0.7,2.07
37,BOS,3.4,2.2,0.4,5.2
37,CHI,5.85,4.0,0.75,2.8
37,DAL,1.9,1.5,0.3,-0.1
37,DEN,9.4,2.0,4.4,23.1
37,DET,2.1,1.65,0.3,0.6
37,GSW,15.9,3.0,3.1,30.2
37,HOU,2.33,1.63,0.33,-0.23
37,LAC,4.35,1.2,1.6,7.0
37,LAL,9.24,2.52,3.02,29.66
37,MEM,3.6,2.7,0.2,1.7
37,MIA,4.85,1.1,0.9,10.0
37,MIL,3.6,2.35,1.05,12.9
37,MIN,3.2,1.6,0.5,1.1
37,NYK,1.4,1.0,0.1,-0.3
37,OKC,2.4,1.45,0.4,0.9
37,ORL,6.9,4.2,0.4,6.4
37,PHI,3.39,1.59,0.51,4.13
37,POR,6.0,3.3,1.9,16.53
37,SAC,9.4,2.9,1.17,7.17
37,SAS,7.35,5.4,0.9,13.9
37,TOR,4.9,3.5,0.6,8.7
37,UTA,3.5,2.55,0.8,2.65
37,WAS,7.15,2.15,1.8,1.25
38,ATL,2.35,0.95,1.1,-0.2
38,BOS,2.97,1.47,0.5,-0.1
38,BRK,0.9,1.2,0.4,-0.4
38,CHA,4.25,1.75,1.15,1.3
38,CHI,7.18,3.4,2.4,16.3
38,CLE,6.4,2.6,4.7,31.0
38,DAL,2.1,1.4,0.6,0.1
38,DEN,4.3,2.4,0.5,-0.1
38,DET,8.62,2.95,2.08,21.85
38,GSW,4.23,2.83,0.37,4.37
38,HOU,6.27,3.0,1.37,17.87
38,LAC,6.9,2.4,1.45,4.7
38,MIL,3.8,1.6,1.4,4.4
38,MIN,9.6,2.5,1.9,17.7
38,NYK,1.4,0.8,0.3,-0.15
38,OKC,3.3,1.8,0.8,16.5
38,ORL,4.05,1.45,1.8,3.15
38,PHI,3.2,1.5,0.6,0.7
38,PHO,4.8,5.0,0.6,14.1
38,POR,2.1,3.1,0.3,3.7
38,SAC,4.5,3.48,1.32,2.38
38,SAS,2.2,1.1,1.6,0.3
38,UTA,7.55,1.95,3.15,8.75
38,WAS,6.0,2.15,3.25,15.0
39,ATL,5.3,1.7,1.55,0.3
39,CHA,3.17,2.43,0.33,1.13
39,CHI,4.0,1.37,1.07,0.43
39,CLE,3.48,2.2,0.6,3.95
39,DET,11.55,4.4,2.35,40.85
39,GSW,5.83,2.77,2.03,13.8
39,LAL,5.3,1.2,0.7,3.3
39,MIL,4.85,1.95,1.65,8.27
39,NOH,2.95,1.35,0.55,-0.05
39,NYK,3.33,1.67,0.6,3.43
39,OKC,4.6,1.2,2.9,20.2
39,PHI,6.0,2.46,1.4,11.64
39,PHO,5.8,2.1,0.9,4.9
39,POR,2.8,2.35,0.4,4.35
39,SAC,4.9,3.85,0.6,1.55
39,SAS,7.4,2.6,0.7,2.9
39,WAS,6.87,1.83,3.3,12.0
40,ATL,3.95,2.3,0.35,0.3
40,BOS,10.1,4.9,1.05,7.4
40,BRK,6.55,2.6,1.0,3.85
40,CHA,5.2,2.4,0.7,4.5
40,CHI,7.4,8.9,2.2,56.7
40,DAL,6.6,3.3,1.0,8.65
40,DEN,0.3,0.1,0.2,-0.4
40,DET,4.4,1.3,1.2,1.3
40,GSW,8.18,3.7,2.32,19.7
40,HOU,11.4,4.5,2.7,40.3
40,IND,4.97,2.42,1.67,5.55
40,LAL,0.6,0.0,0.2,-0.1
40,MEM,1.1,1.1,0.2,-0.1
40,MIA,4.77,1.77,1.0,9.23
40,MIL,6.67,2.57,3.03,10.87
40,MIN,5.55,2.25,0.9,4.3
40,NOH,4.6,1.57,1.1,0.63
40,NYK,2.5,2.4,0.5,0.4
40,OKC,5.37,3.73,2.03,15.33
40,PHO,26.2,4.6,2.8,88.1
40,POR,6.6,2.6,1.55,13.2
40,SAC,5.53,1.57,2.47,16.97
40,WAS,10.9,2.6,2.2,1.4
41,ATL,4.07,1.73,0.93,0.5
41,BRK,6.1,3.5,1.4,23.4
41,CHA,2.3,0.9,0.7,-0.1
41,CLE,1.15,0.25,0.1,0.05
41,DAL,2.4,0.4,0.5,0.2
41,DEN,9.88,5.52,2.45,34.98
41,GSW,5.4,1.85,1.2,2.5
41,HOU,11.5,5.65,2.0,37.1
41,IND,2.87,1.43,0.67,-0.37
41,LAC,4.6,3.7,0.4,8.6
41,LAL,3.3,1.0,1.4,-0.3
41,MEM,1.8,1.0,0.4,0.0
41,MIA,2.9,1.9,0.4,0.7
41,MIL,9.3,2.1,1.1,24.3
41,MIN,1.9,2.8,0.4,0.7
41,NOH,0.5,0.6,0.1,0.0
41,OKC,8.3,1.8,1.4,12.9
41,ORL,2.97,3.13,0.57,5.23
41,PHI,2.5,2.4,0.2,0.1
41,POR,4.0,2.45,1.25,19.45
41,SAC,1.35,0.85,0.15,-0.15
41,SAS,5.2,1.65,2.55,5.85
41,TOR,4.0,0.9,1.9,-0.2
41,WAS,3.83,2.4,0.57,0.13
42,ATL,5.9,3.55,0.95,12.05
42,CLE,7.8,2.0,2.0,16.0
42,DEN,4.17,2.03,0.73,1.6
42,DET,5.97,3.17,1.3,7.07
42,GSW,2.8,2.1,0.1,0.5
42,HOU,3.4,1.92,1.27,3.9
42,IND,7.7,2.4,0.9,18.6
42,LAL,8.3,4.1,3.4,40.2
42,MIA,9.2,5.7,0.7,28.4
42,MIL,6.7,1.55,1.55,4.3
42,NOH,6.7,5.3,0.5,10.3
42,NYK,1.8,1.25,0.4,-0.1
42,OKC,4.17,2.17,1.27,7.1
42,ORL,3.6,3.1,0.65,26.3
42,PHI,4.47,2.82,1.3,6.35
42,PHO,3.15,0.95,0.5,0.5
42,POR,5.9,5.15,0.6,0.1
42,SAC,1.95,1.5,0.5,-0.05
42,UTA,8.35,3.9,1.7,8.25
42,WAS,8.5,3.6,1.3,0.1
43,ATL,3.4,2.27,0.53,5.6
43,BRK,0.0,0.2,0.0,-0.2
43,CHA,8.6,3.1,1.0,8.0
43,CHI,3.9,1.8,1.4,0.4
43,CLE,5.9,3.1,0.8,19.0
43,DAL,4.7,2.7,1.8,8.5
43,DEN,3.03,1.6,0.47,0.13
43,DET,9.1,6.0,0.9,8.1
43,GSW,6.5,1.92,1.38,1.48
43,HOU,3.87,3.27,0.77,7.47
43,IND,3.5,1.05,0.85,0.15
43,LAC,2.7,2.2,0.2,0.8
43,LAL,6.7,4.0,1.1,7.93
43,MIA,11.9,2.8,1.4,20.0
43,MIL,9.0,2.6,2.3,29.78
43,MIN,8.9,2.2,1.8,4.9
43,NOH,2.85,1.5,0.45,0.2
43,NYK,10.4,4.8,2.1,64.3
43,OKC,9.4,3.0,7.4,30.1
43,PHI,1.8,1.0,2.0,0.1
43,PHO,8.25,2.6,1.6,18.1
43,POR,2.9,2.3,0.9,0.6
43,SAC,4.13,2.03,0.73,-0.1
43,SAS,6.2,4.3,0.4,15.6
43,WAS,8.7,3.63,1.53,8.47
44,ATL,4.8,1.3,1.4,0.1
44,BOS,8.7,5.2,1.6,23.5
44,BRK,3.5,2.0,0.5,1.5
44,CHA,6.2,4.1,0.8,26.5
44,CHI,2.65,1.85,0.1,1.45
44,DAL,5.9,3.1,0.8,19.2
44,DET,5.3,1.9,1.22,6.02
44,GSW,3.7,0.9,1.9,0.5
44,LAL,9.0,2.5,2.8,2.5
44,MIA,6.0,3.6,0.6,4.1
44,MIL,2.95,1.35,1.15,2.75
44,MIN,5.2,2.1,1.2,1.1
44,NYK,4.27,1.93,0.9,1.83
44,OKC,4.6,4.2,1.0,3.4
44,ORL,0.0,0.7,0.0,0.0
44,PHI,3.55,1.35,0.95,5.8
44,PHO,4.5,1.75,1.65,1.6
44,POR,5.4,4.6,1.0,25.5
44,SAS,3.8,1.8,0.8,0.3
44,UTA,2.8,1.8,0.2,0.1
44,WAS,1.3,1.65,0.35,0.15
45,ATL,10.8,5.2,2.2,9.9
45,BOS,3.85,1.75,0.9,7.7
45,BRK,8.6,3.8,1.1,6.2
45,CHA,4.53,2.6,0.77,16.3
45,CHI,5.15,2.55,0.7,19.8
45,CLE,9.15,4.85,1.7,36.9
45,DET,4.78,2.25,0.9,1.42
45,GSW,4.15,1.9,0.45,0.2
45,HOU,14.2,3.2,2.0,9.6
45,IND,7.15,5.1,0.7,30.55
45,LAC,4.05,3.35,2.15,6.5
45,LAL,1.95,1.0,0.5,0.45
45,MEM,14.6,4.1,1.2,1.2
45,MIA,4.3,1.1,1.8,-0.1
45,MIL,10.1,3.48,2.02,27.62
45,MIN,4.6,1.9,2.7,2.6
45,NOH,3.5,3.0,0.3,2.1
45,OKC,6.7,3.0,1.1,1.0
45,PHI,8.37,2.77,1.6,24.63
45,PHO,7.0,4.2,1.1,4.1
45,SAC,4.0,0.8,0.3,0.65
45,SAS,13.3,3.0,4.7,56.7
45,UTA,4.95,2.5,0.85,23.65
46,ATL,3.35,1.05,0.8,0.1
46,BOS,4.7,2.7,0.4,1.3
46,CHI,6.4,1.9,0.7,2.1
46,CLE,8.7,3.4,1.5,49.3
46,DAL,2.95,1.4,1.3,1.35
46,DEN,3.55,1.7,0.6,0.7
46,GSW,5.2,3.3,0.2,0.3
46,HOU,5.75,2.55,1.4,7.05
46,IND,4.8,2.7,0.6,7.4
46,LAL,8.35,2.9,0.9,29.85
46,MEM,8.2,4.6,1.8,42.8
46,MIL,12.1,2.7,1.8,28.35
46,MIN,2.8,2.45,0.35,1.9
46,NOH,5.9,1.6,1.4,6.5
46,ORL,9.8,2.8,3.1,4.9
46,PHI,5.43,3.1,2.13,11.7
46,PHO,7.02,2.08,1.62,28.35
46,POR,4.95,2.68,1.0,17.52
46,SAS,4.9,1.4,1.2,2.6
46,TOR,6.1,2.3,1.8,1.3
46,UTA,2.6,0.85,1.3,0.1
46,WAS,7.77,2.0,1.73,7.67
47,ATL,4.65,1.95,1.45,5.95
47,BOS,4.2,3.5,0.7,0.4
47,CHI,6.3,2.55,2.9,10.3
47,CLE,3.4,1.1,1.4,0.3
47,DEN,9.6,3.5,2.3,22.45
47,GSW,3.3,1.5,0.3,0.3
47,HOU,7.4,1.35,1.4,3.55
47,IND,0.9,0.9,0.1,0.0
47,LAC,1.4,0.9,0.5,0.1
47,LAL,4.45,1.8,1.1,2.65
47,MEM,8.2,4.6,2.7,2.7
47,MIA,2.9,2.8,0.2,0.8
47,MIN,5.0,1.5,0.8,0.5
47,NYK,7.55,1.85,2.6,16.85
47,ORL,5.85,1.9,0.75,1.95
47,PHI,4.97,3.17,0.6,10.07
47,SAC,6.3,1.8,2.45,3.6
47,SAS,6.5,1.4,2.8,21.2
47,TOR,2.0,0.0,1.0,0.05
47,UTA,6.54,3.0,1.74,27.54
47,WAS,4.35,2.8,1.0,4.55
48,ATL,2.5,1.23,0.52,0.2
48,BOS,5.9,2.8,3.8,0.0
48,BRK,4.7,1.4,0.3,-0.2
48,CHI,4.7,2.6,0.8,0.0
48,CLE,2.3,1.8,0.2,0.2
48,DET,8.85,1.8,3.5,14.75
48,GSW,4.1,1.5,2.3,0.2
48,HOU,8.6,3.6,2.8,41.2
48,LAC,6.1,1.83,1.47,15.27
48,LAL,10.0,5.25,2.35,44.15
48,MEM,3.9,2.2,0.4,0.1
48,MIL,2.93,1.23,0.6,0.4
48,MIN,4.3,2.17,0.87,3.27
48,NOH,1.0,1.0,0.2,0.1
48,NYK,3.6,2.3,1.5,0.3
48,OKC,3.2,1.7,0.55,1.8
48,PHI,4.5,7.1,0.7,8.2
48,PHO,5.36,1.78,0.94,9.14
48,POR,4.95,1.7,2.15,10.85
48,SAS,2.8,1.2,0.2,-0.2
48,UTA,7.6,4.7,1.2,9.2
48,WAS,2.35,1.3,0.55,1.45
49,ATL,8.23,1.93,3.53,16.83
49,BRK,2.6,0.6,1.7,-0.1
49,CHI,3.18,2.37,0.52,1.8
49,CLE,2.6,1.15,0.55,0.0
49,DEN,4.85,2.75,0.6,7.25
49,DET,4.7,4.7,0.95,2.8
49,GSW,1.8,1.95,0.45,-0.1
49,IND,5.2,1.8,0.5,25.2
49,MEM,2.2,0.5,0.9,-0.7
49,MIA,2.0,2.0,0.0,0.0
49,MIL,4.8,1.7,2.3,8.6
49,MIN,2.9,1.1,1.7,0.2
49,NYK,2.0,1.0,0.5,0.0
49,ORL,3.6,3.25,0.85,9.15
49,PHI,6.8,1.8,1.0,8.4
49,PHO,7.55,5.65,1.15,1.65
49,SAC,5.3,4.5,1.4,17.7
49,SAS,4.17,1.73,1.03,2.3
49,WAS,9.0,4.45,1.1,12.4
50,ATL,5.5,2.25,1.3,9.15
50,BOS,8.5,4.0,1.35,17.65
50,CHA,3.7,2.2,0.3,10.4
50,CHI,4.8,2.4,0.9,2.0
50,CLE,6.72,2.82,1.35,3.15
50,DAL,2.33,1.9,0.63,-0.07
50,DET,17.0,7.8,2.6,36.5
50,GSW,3.55,1.8,0.4,0.35
50,IND,4.07,2.2,0.67,5.0
50,LAL,2.8,4.2,0.8,0.8
50,MIL,5.25,3.75,1.25,11.1
50,NYK,5.0,1.2,2.0,4.2
50,OKC,1.2,1.1,0.4,-0.1
50,PHI,2.9,2.55,0.5,6.9
50,PHO,2.83,0.97,0.77,15.7
50,POR,3.35,1.95,0.45,2.75
50,SAC,1.6,2.0,0.5,-0.2
50,SAS,3.8,1.6,0.4,0.0
50,UTA,1.2,0.6,0.1,0.1
50,WAS,5.5,1.3,1.8,-0.5
51,ATL,6.6,2.2,0.6,6.5
51,BOS,1.53,0.77,0.73,-0.03
51,BRK,7.35,3.0,1.35,37.25
51,CHI,0.0,0.0,0.0,0.0
51,DEN,6.75,1.9,2.05,11.8
51,GSW,4.0,1.32,0.5,0.56
51,HOU,6.37,4.8,1.0,9.67
51,LAC,1.5,1.6,0.2,-0.2
51,LAL,2.63,1.4,0.63,2.2
51,MEM,5.4,1.65,1.1,0.1
51,MIN,1.9,0.4,0.8,0.1
51,NYK,4.2,2.55,0.6,1.6
51,PHO,2.25,1.15,0.25,0.25
51,SAC,3.85,2.8,0.55,6.4
51,UTA,2.1,1.9,0.7,0.0
52,ATL,4.47,3.3,0.87,3.73
52,BOS,4.55,3.3,0.55,6.15
52,BRK,6.7,2.0,2.8,1.5
52,CHA,6.9,3.3,1.2,5.3
52,CHI,3.25,1.1,1.27,0.45
52,CLE,3.7,1.85,0.7,9.5
52,DET,3.75,1.9,0.35,1.35
52,GSW,0.9,1.0,0.2,0.2
52,IND,4.37,1.93,1.4,11.2
52,LAC,0.8,0.3,0.2,0.0
52,LAL,3.3,0.7,1.6,0.5
52,MIA,1.6,1.75,0.1,0.55
52,MIN,2.8,1.5,1.8,-0.2
52,NOH,6.2,1.5,1.1,3.2
52,OKC,4.05,1.05,1.15,2.95
52,PHI,7.0,1.5,4.4,0.4
52,PHO,5.53,2.37,2.23,3.33
52,POR,1.6,0.6,0.6,-0.1
52,SAC,4.17,2.7,0.63,4.0
52,SAS,3.1,1.6,0.8,0.6
52,UTA,1.6,1.25,0.05,0.15
53,ATL,4.4,3.15,0.75,0.65
53,BOS,2.72,1.0,1.06,0.14
53,DAL,5.0,2.8,1.3,20.9
53,DEN,2.05,1.95,0.2,0.0
53,GSW,3.75,1.2,1.65,2.05
53,LAC,2.3,4.3,0.7,1.4
53,MIA,5.7,2.33,0.73,7.7
53,MIL,1.4,1.1,0.2,0.0
53,OKC,3.2,1.65,1.15,2.08
53,ORL,2.0,1.4,0.7,1.6
53,PHI,3.9,3.05,0.75,1.4
53,PHO,2.8,2.1,0.5,0.1
53,POR,6.05,4.35,1.75,44.05
53,SAC,2.2,0.85,1.7,1.0
53,SAS,3.8,1.8,1.7,2.4
53,UTA,4.35,2.1,1.3,7.85
54,ATL,5.8,1.9,1.85,0.0
54,BRK,2.55,1.15,0.35,0.25
54,DAL,6.45,1.75,2.4,4.65
54,DEN,2.9,2.2,0.5,2.1
54,GSW,3.0,1.6,0.2,0.0
54,HOU,8.7,3.7,1.1,41.7
54,IND,3.7,2.2,0.6,1.5
54,LAC,2.27,1.03,0.67,0.3
54,LAL,3.2,1.3,0.3,0.0
54,NYK,2.8,1.2,0.2,0.2
54,OKC,4.05,2.5,0.5,3.5
54,PHI,2.05,1.35,0.35,-0.15
54,PHO,4.1,3.0,1.35,1.5
54,SAC,0.7,0.6,0.2,0.0
54,SAS,6.3,1.8,1.0,0.4
54,UTA,7.15,2.65,1.5,19.5
54,WAS,4.0,0.0,0.0,0.0
55,BOS,7.9,2.0,1.8,14.8
55,BRK,3.2,1.15,0.5,-0.05
55,CHA,0.0,0.0,0.0,0.0
55,CLE,2.2,0.5,1.0,-0.2
55,DAL,0.0,0.9,0.3,-0.3
55,DEN,2.6,2.1,0.5,12.4
55,GSW,4.07,2.27,0.6,0.27
55,HOU,2.2,0.2,0.7,0.0
55,IND,2.0,0.0,0.0,0.0
55,MEM,5.6,3.8,0.9,5.2
55,MIA,2.9,1.4,2.0,0.1
55,NYK,4.7,2.33,1.63,5.57
55,OKC,6.43,3.7,0.8,9.6
55,PHO,7.9,4.7,0.9,16.9
55,POR,7.6,1.5,2.27,11.2
55,SAC,0.7,0.4,0.1,-0.2
55,UTA,3.87,1.47,1.17,3.6
56,ATL,3.7,2.7,0.7,3.5
56,BOS,3.15,2.15,0.45,0.45
56,CHA,1.55,0.05,0.45,0.05
56,CLE,2.1,0.8,1.1,0.6
56,DEN,2.5,1.85,0.95,-0.15
56,DET,4.65,3.0,1.3,27.55
56,GSW,2.2,1.4,0.2,0.2
56,LAL,4.1,2.1,0.7,1.8
56,MEM,3.2,1.6,0.7,-0.2
56,MIL,10.3,2.7,4.1,28.8
56,MIN,0.6,0.8,0.1,0.0
56,NOH,0.8,0.7,0.0,0.0
56,NYK,4.0,2.2,1.9,5.5
56,OKC,0.9,1.0,0.1,0.2
56,PHI,2.8,1.65,0.15,0.05
56,PHO,6.7,2.2,1.0,3.9
56,POR,9.55,5.35,1.8,30.5
56,SAC,4.4,1.6,1.9,-0.1
56,SAS,6.0,3.35,0.8,22.85
57,ATL,1.9,0.55,1.05,0.0
57,BOS,2.9,0.8,1.1,0.0
57,BRK,5.4,2.3,0.5,1.0
57,CLE,5.0,2.4,2.45,2.9
57,DAL,2.0,1.0,1.5,0.0
57,DET,1.3,0.0,0.0,0.0
57,GSW,5.5,3.8,1.3,4.5
57,IND,1.6,0.4,0.0,0.1
57,LAC,4.7,3.3,0.7,0.4
57,NOH,2.8,1.2,1.1,0.1
57,NYK,10.0,4.7,1.9,29.8
57,OKC,1.95,1.15,1.2,0.25
57,PHI,1.1,1.6,0.1,0.1
57,PHO,9.9,7.9,1.1,61.3
57,POR,6.7,5.0,0.8,3.1
57,SAC,1.8,1.8,2.1,-0.2
57,SAS,5.03,1.8,1.3,35.5
57,UTA,2.1,2.3,0.3,0.3
57,WAS,7.35,3.8,1.6,7.05
58,ATL,2.9,1.4,0.4,0.1
58,BOS,4.65,1.65,0.85,1.5
58,CHI,2.7,1.7,0.2,2.3
58,DEN,1.6,0.4,0.5,0.1
58,DET,2.45,1.75,0.25,6.75
58,GSW,1.63,1.53,1.2,0.33
58,HOU,11.5,6.2,2.0,32.9
58,LAL,3.25,1.5,0.35,0.15
58,MIL,1.2,1.0,0.2,0.1
58,MIN,3.9,2.7,0.5,1.9
58,NYK,5.47,3.97,1.63,22.8
58,PHI,5.25,4.45,0.9,12.15
58,PHO,10.6,5.7,1.4,0.6
58,SAC,2.7,2.5,0.3,0.1
58,SAS,6.9,1.8,1.4,1.7
58,TOR,1.9,0.7,0.1,0.1
58,WAS,5.7,1.6,1.5,-0.4
60,ATL,0.0,0.0,0.5,0.0
60,BOS,3.8,2.8,0.4,1.8
60,DET,2.25,1.05,0.85,-0.15
60,GSW,5.38,3.42,0.72,-2.45
60,IND,6.6,1.6,0.9,-0.1
60,LAL,4.8,2.3,1.73,18.3
60,NOH,6.1,1.6,1.4,3.5
60,NYK,6.1,2.9,2.1,4.5
60,PHI,1.0,1.0,0.1,-0.2
60,POR,15.4,2.3,2.4,21.5
60,SAC,17.5,2.4,4.8,45.3
60,SAS,3.5,2.8,0.3,0.9
60,UTA,5.1,2.1,1.1,0.1
