Player,Pos,Age,G,MP,FG,FGA,FG%,3P,3PA,3P%,2P,2PA,2P%,FT,FTA,FT%,ORB,DRB,TRB,AST,STL,BLK,TOV,PF,PTS,OWS,DWS,WS,Season,Salary,Team
Precious Achiuwa,PF,24.0,74.0,1624.0,235.0,469.0,0.501,26.0,97.0,0.268,209.0,372.0,0.562,69.0,112.0,0.616,191.0,296.0,487.0,97.0,46.0,68.0,83.0,143.0,565.0,1.2,2.2,3.4,2023-24,4379527.0,NYK
Bam Adebayo,C,26.0,71.0,2416.0,530.0,1017.0,0.521,15.0,42.0,0.357,515.0,975.0,0.528,292.0,387.0,0.755,159.0,578.0,737.0,278.0,81.0,66.0,162.0,159.0,1367.0,2.9,4.3,7.2,2023-24,32600060.0,MIA
Ochai Agbaji,SG,23.0,78.0,1641.0,178.0,433.0,0.411,62.0,211.0,0.294,116.0,222.0,0.523,37.0,56.0,0.661,74.0,142.0,216.0,83.0,47.0,44.0,64.0,117.0,455.0,-0.5,0.6,0.1,2023-24,4114200.0,TOR
Santi Aldama,PF,23.0,61.0,1618.0,247.0,568.0,0.435,106.0,304.0,0.349,141.0,264.0,0.534,54.0,87.0,0.621,72.0,280.0,352.0,138.0,43.0,54.0,69.0,89.0,654.0,0.4,2.0,2.4,2023-24,2194200.0,MEM
Nickeil Alexander-Walker,SG,25.0,82.0,1921.0,236.0,538.0,0.439,131.0,335.0,0.391,105.0,203.0,0.517,52.0,65.0,0.8,35.0,132.0,167.0,204.0,64.0,42.0,76.0,143.0,655.0,1.5,2.8,4.3,2023-24,4687500.0,MIN
Grayson Allen,SG,28.0,75.0,2513.0,340.0,682.0,0.499,205.0,445.0,0.461,135.0,237.0,0.57,129.0,147.0,0.878,48.0,247.0,295.0,227.0,69.0,45.0,95.0,157.0,1014.0,4.7,2.2,6.9,2023-24,8925000.0,PHO
Jarrett Allen,C,25.0,77.0,2442.0,519.0,819.0,0.634,0.0,6.0,0.0,519.0,813.0,0.638,233.0,314.0,0.742,243.0,568.0,811.0,210.0,53.0,81.0,121.0,147.0,1271.0,6.8,3.9,10.7,2023-24,20000000.0,CLE
Jose Alvarado,PG,25.0,56.0,1028.0,142.0,345.0,0.412,78.0,207.0,0.377,64.0,138.0,0.464,35.0,52.0,0.673,25.0,103.0,128.0,117.0,59.0,15.0,40.0,89.0,397.0,0.6,1.5,2.1,2023-24,1836096.0,NOP
Kyle Anderson,PF,30.0,79.0,1782.0,199.0,433.0,0.46,11.0,48.0,0.229,188.0,385.0,0.488,97.0,137.0,0.708,60.0,213.0,273.0,331.0,71.0,47.0,91.0,128.0,506.0,1.4,3.1,4.5,2023-24,9219512.0,MIN
Giannis Antetokounmpo,PF,29.0,73.0,2567.0,837.0,1369.0,0.611,34.0,124.0,0.274,803.0,1245.0,0.645,514.0,782.0,0.657,196.0,645.0,841.0,476.0,87.0,79.0,250.0,210.0,2222.0,9.5,3.7,13.2,2023-24,45640084.0,MIL
Thanasis Antetokounmpo,PF,31.0,34.0,155.0,16.0,30.0,0.533,0.0,1.0,0.0,16.0,29.0,0.552,0.0,2.0,0.0,7.0,6.0,13.0,17.0,7.0,4.0,14.0,24.0,32.0,-0.2,0.1,0.0,2023-24,2019706.0,MIL
Cole Anthony,PG,23.0,81.0,1817.0,332.0,763.0,0.435,93.0,275.0,0.338,239.0,488.0,0.49,180.0,218.0,0.826,64.0,247.0,311.0,236.0,64.0,37.0,126.0,175.0,937.0,0.9,2.7,3.6,2023-24,5539771.0,ORL
OG Anunoby,SF,26.0,50.0,1702.0,282.0,577.0,0.489,102.0,267.0,0.382,180.0,310.0,0.581,67.0,89.0,0.753,47.0,161.0,208.0,107.0,68.0,36.0,81.0,119.0,733.0,1.1,1.5,2.6,2023-24,18642857.0,NYK
Ryan Arcidiacono,PG,29.0,20.0,45.0,0.0,6.0,0.0,0.0,6.0,0.0,0.0,0.0,0.0,0.0,0.0,0.0,0.0,8.0,8.0,4.0,2.0,0.0,2.0,5.0,0.0,-0.1,0.1,-0.1,2023-24,2019706.0,DET
Deni Avdija,SF,23.0,75.0,2257.0,406.0,803.0,0.506,88.0,235.0,0.374,318.0,568.0,0.56,202.0,273.0,0.74,84.0,456.0,540.0,286.0,60.0,36.0,160.0,185.0,1102.0,1.7,1.5,3.2,2023-24,6263188.0,WAS
Deandre Ayton,C,25.0,55.0,1784.0,427.0,749.0,0.57,1.0,10.0,0.1,426.0,739.0,0.576,65.0,79.0,0.823,176.0,433.0,609.0,90.0,56.0,42.0,99.0,109.0,920.0,1.8,2.1,3.9,2023-24,32459438.0,POR
Marvin Bagley III,C,24.0,50.0,1053.0,239.0,408.0,0.586,9.0,23.0,0.391,230.0,385.0,0.597,96.0,126.0,0.762,130.0,182.0,312.0,55.0,20.0,33.0,59.0,81.0,583.0,2.0,0.7,2.7,2023-24,12500000.0,WAS
Patrick Baldwin Jr.,SF,21.0,38.0,493.0,59.0,155.0,0.381,31.0,97.0,0.32,28.0,58.0,0.483,19.0,28.0,0.679,17.0,106.0,123.0,29.0,18.0,15.0,19.0,56.0,168.0,-0.3,0.5,0.2,2023-24,2337720.0,WAS
LaMelo Ball,PG,22.0,22.0,711.0,183.0,423.0,0.433,70.0,197.0,0.355,113.0,226.0,0.5,90.0,104.0,0.865,29.0,84.0,113.0,176.0,40.0,4.0,83.0,79.0,526.0,0.6,0.5,1.1,2023-24,10900635.0,CHO
Mo Bamba,C,25.0,57.0,740.0,97.0,198.0,0.49,25.0,64.0,0.391,72.0,134.0,0.537,34.0,50.0,0.68,77.0,161.0,238.0,41.0,22.0,60.0,39.0,101.0,253.0,0.6,1.3,2.0,2023-24,2019706.0,PHI
Paolo Banchero,PF,21.0,80.0,2799.0,640.0,1407.0,0.455,119.0,351.0,0.339,521.0,1056.0,0.493,405.0,559.0,0.725,82.0,472.0,554.0,431.0,71.0,47.0,247.0,153.0,1804.0,1.3,4.0,5.3,2023-24,11608080.0,ORL
Desmond Bane,SG,25.0,42.0,1443.0,360.0,776.0,0.464,137.0,360.0,0.381,223.0,416.0,0.536,140.0,161.0,0.87,36.0,149.0,185.0,230.0,43.0,22.0,112.0,120.0,997.0,1.8,1.3,3.1,2023-24,3845083.0,MEM
Dalano Banton,PG,24.0,54.0,1047.0,202.0,500.0,0.404,59.0,199.0,0.296,143.0,301.0,0.475,94.0,120.0,0.783,41.0,137.0,178.0,127.0,33.0,20.0,77.0,64.0,557.0,-0.4,0.9,0.5,2023-24,2019706.0,POR
Dominick Barlow,PF,20.0,33.0,420.0,56.0,113.0,0.496,3.0,9.0,0.333,53.0,104.0,0.51,29.0,42.0,0.69,45.0,68.0,113.0,36.0,12.0,14.0,9.0,47.0,144.0,0.7,0.4,1.1,2023-24,455620.0,SAS
Harrison Barnes,PF,31.0,82.0,2381.0,347.0,732.0,0.474,149.0,385.0,0.387,198.0,347.0,0.571,157.0,196.0,0.801,67.0,182.0,249.0,99.0,54.0,12.0,58.0,98.0,1000.0,3.1,1.5,4.7,2023-24,17000000.0,SAC
Scottie Barnes,SG,22.0,60.0,2094.0,447.0,942.0,0.475,101.0,296.0,0.341,346.0,646.0,0.536,196.0,251.0,0.781,141.0,353.0,494.0,363.0,75.0,88.0,165.0,118.0,1191.0,2.3,2.0,4.3,2023-24,8008680.0,TOR
RJ Barrett,SG,23.0,58.0,1838.0,436.0,880.0,0.495,90.0,250.0,0.36,346.0,630.0,0.549,208.0,291.0,0.715,53.0,262.0,315.0,193.0,31.0,22.0,126.0,129.0,1170.0,1.6,1.2,2.9,2023-24,23883929.0,TOR
Charles Bassey,C,23.0,19.0,205.0,29.0,40.0,0.725,0.0,1.0,0.0,29.0,39.0,0.744,5.0,6.0,0.833,23.0,53.0,76.0,21.0,8.0,17.0,15.0,31.0,63.0,0.3,0.4,0.7,2023-24,2600000.0,SAS
Keita Bates-Diop,SF,28.0,53.0,665.0,72.0,166.0,0.434,21.0,69.0,0.304,51.0,97.0,0.526,32.0,42.0,0.762,31.0,79.0,110.0,38.0,25.0,22.0,15.0,35.0,197.0,0.5,0.8,1.3,2023-24,2346614.0,BRK
Nicolas Batum,PF,35.0,60.0,1529.0,116.0,256.0,0.453,73.0,185.0,0.395,43.0,71.0,0.606,15.0,21.0,0.714,70.0,178.0,248.0,128.0,48.0,38.0,40.0,109.0,320.0,1.7,1.6,3.3,2023-24,11710818.0,PHI
Darius Bazley,PF,23.0,9.0,152.0,18.0,30.0,0.6,2.0,8.0,0.25,16.0,22.0,0.727,10.0,12.0,0.833,8.0,20.0,28.0,7.0,6.0,7.0,8.0,3.0,48.0,0.2,0.1,0.3,2023-24,616075.0,UTA
Darius Bazley,PF,23.0,9.0,152.0,18.0,30.0,0.6,2.0,8.0,0.25,16.0,22.0,0.727,10.0,12.0,0.833,8.0,20.0,28.0,7.0,6.0,7.0,8.0,3.0,48.0,0.2,0.1,0.3,2023-24,616075.0,PHI
Bradley Beal,SG,30.0,53.0,1767.0,377.0,735.0,0.513,101.0,235.0,0.43,276.0,500.0,0.552,109.0,134.0,0.813,54.0,178.0,232.0,265.0,52.0,27.0,131.0,127.0,964.0,2.4,1.5,3.9,2023-24,46741590.0,PHO
Malik Beasley,SG,27.0,79.0,2337.0,320.0,722.0,0.443,224.0,542.0,0.413,96.0,180.0,0.533,25.0,35.0,0.714,41.0,249.0,290.0,108.0,59.0,9.0,54.0,158.0,889.0,1.9,1.6,3.5,2023-24,2019706.0,MIL
MarJon Beauchamp,SF,23.0,48.0,608.0,81.0,166.0,0.488,30.0,75.0,0.4,51.0,91.0,0.56,19.0,28.0,0.679,22.0,77.0,99.0,31.0,13.0,7.0,27.0,54.0,211.0,0.2,0.5,0.7,2023-24,2609400.0,MIL
Dāvis Bertāns,PF,31.0,43.0,674.0,92.0,234.0,0.393,76.0,200.0,0.38,16.0,34.0,0.471,30.0,33.0,0.909,9.0,52.0,61.0,35.0,26.0,12.0,18.0,56.0,290.0,0.5,0.4,0.9,2023-24,17000000.0,CHO
Patrick Beverley,PG,35.0,73.0,1462.0,158.0,379.0,0.417,61.0,181.0,0.337,97.0,198.0,0.49,74.0,90.0,0.822,49.0,190.0,239.0,212.0,43.0,31.0,65.0,128.0,451.0,1.2,1.5,2.7,2023-24,2019706.0,MIL
Saddiq Bey,SF,24.0,63.0,2062.0,290.0,697.0,0.416,113.0,358.0,0.316,177.0,339.0,0.522,170.0,203.0,0.837,167.0,244.0,411.0,92.0,51.0,11.0,54.0,88.0,863.0,2.8,0.7,3.5,2023-24,4556983.0,ATL
Goga Bitadze,C,24.0,62.0,957.0,126.0,209.0,0.603,2.0,14.0,0.143,124.0,195.0,0.636,57.0,87.0,0.655,109.0,177.0,286.0,79.0,32.0,72.0,44.0,107.0,311.0,1.8,1.9,3.7,2023-24,2066585.0,ORL
Onuralp Bitim,SG,24.0,23.0,268.0,32.0,84.0,0.381,12.0,44.0,0.273,20.0,40.0,0.5,4.0,5.0,0.8,6.0,26.0,32.0,13.0,3.0,2.0,10.0,24.0,80.0,-0.3,0.1,-0.1,2023-24,500000.0,CHI
Bismack Biyombo,C,31.0,40.0,791.0,74.0,131.0,0.565,0.0,0.0,0.0,74.0,131.0,0.565,26.0,54.0,0.481,62.0,147.0,209.0,53.0,11.0,37.0,42.0,89.0,174.0,0.1,1.0,1.1,2023-24,5754488.0,MEM
Bismack Biyombo,C,31.0,40.0,791.0,74.0,131.0,0.565,0.0,0.0,0.0,74.0,131.0,0.565,26.0,54.0,0.481,62.0,147.0,209.0,53.0,11.0,37.0,42.0,89.0,174.0,0.1,1.0,1.1,2023-24,5754488.0,OKC
Anthony Black,PG,20.0,69.0,1164.0,115.0,247.0,0.466,37.0,94.0,0.394,78.0,153.0,0.51,49.0,80.0,0.613,33.0,106.0,139.0,91.0,35.0,21.0,56.0,110.0,316.0,0.1,1.5,1.6,2023-24,7245480.0,ORL
Bogdan Bogdanović,SG,31.0,79.0,2401.0,471.0,1100.0,0.428,240.0,641.0,0.374,231.0,459.0,0.503,151.0,164.0,0.921,53.0,219.0,272.0,247.0,96.0,26.0,112.0,179.0,1333.0,2.8,1.2,3.9,2023-24,18700000.0,ATL
Bojan Bogdanović,SF,34.0,57.0,1478.0,309.0,681.0,0.454,133.0,334.0,0.398,176.0,347.0,0.507,117.0,149.0,0.785,22.0,130.0,152.0,97.0,30.0,5.0,101.0,95.0,868.0,0.3,0.7,1.1,2023-24,20000000.0,NYK
Bol Bol,PF,24.0,43.0,469.0,93.0,151.0,0.616,22.0,52.0,0.423,71.0,99.0,0.717,15.0,19.0,0.789,32.0,105.0,137.0,17.0,10.0,25.0,19.0,42.0,223.0,1.0,0.7,1.6,2023-24,2019706.0,PHO
Devin Booker,PG,27.0,68.0,2447.0,642.0,1305.0,0.492,152.0,418.0,0.364,490.0,887.0,0.552,405.0,457.0,0.886,56.0,252.0,308.0,472.0,61.0,28.0,178.0,206.0,1841.0,7.2,2.0,9.2,2023-24,36016200.0,PHO
Brandon Boston Jr.,SF,22.0,32.0,345.0,65.0,161.0,0.404,14.0,52.0,0.269,51.0,109.0,0.468,23.0,33.0,0.697,19.0,33.0,52.0,13.0,11.0,8.0,24.0,40.0,167.0,-0.6,0.3,-0.3,2023-24,1836096.0,LAC
Chris Boucher,PF,31.0,50.0,705.0,110.0,217.0,0.507,31.0,94.0,0.33,79.0,123.0,0.642,71.0,92.0,0.772,62.0,145.0,207.0,23.0,14.0,24.0,28.0,68.0,322.0,1.2,0.6,1.7,2023-24,11750000.0,TOR
James Bouknight,SG,23.0,14.0,81.0,18.0,41.0,0.439,13.0,30.0,0.433,5.0,11.0,0.455,1.0,2.0,0.5,1.0,8.0,9.0,6.0,1.0,1.0,2.0,3.0,50.0,0.1,0.0,0.1,2023-24,4570080.0,CHO
Malaki Branham,PG,20.0,75.0,1594.0,271.0,628.0,0.432,93.0,268.0,0.347,178.0,360.0,0.494,55.0,63.0,0.873,28.0,120.0,148.0,156.0,27.0,8.0,91.0,94.0,690.0,-0.9,0.6,-0.3,2023-24,3071880.0,SAS
Christian Braun,SG,22.0,82.0,1655.0,222.0,483.0,0.46,63.0,164.0,0.384,159.0,319.0,0.498,93.0,134.0,0.694,79.0,227.0,306.0,132.0,42.0,35.0,55.0,137.0,600.0,1.5,2.0,3.4,2023-24,2949120.0,DEN
Mikal Bridges,SF,27.0,82.0,2854.0,564.0,1294.0,0.436,220.0,592.0,0.372,344.0,702.0,0.49,258.0,317.0,0.814,68.0,304.0,372.0,299.0,81.0,30.0,164.0,116.0,1606.0,2.1,2.1,4.2,2023-24,21700000.0,BRK
Miles Bridges,SF,25.0,69.0,2581.0,559.0,1210.0,0.462,157.0,450.0,0.349,402.0,760.0,0.529,174.0,211.0,0.825,71.0,434.0,505.0,231.0,65.0,33.0,138.0,118.0,1449.0,0.7,1.4,2.2,2023-24,7921300.0,CHO
Oshae Brissett,SF,25.0,55.0,630.0,68.0,153.0,0.444,15.0,55.0,0.273,53.0,98.0,0.541,50.0,83.0,0.602,61.0,99.0,160.0,44.0,19.0,8.0,20.0,54.0,201.0,0.8,0.9,1.7,2023-24,2165000.0,BOS
Malcolm Brogdon,PG,31.0,39.0,1121.0,218.0,496.0,0.44,82.0,199.0,0.412,136.0,297.0,0.458,95.0,116.0,0.819,28.0,120.0,148.0,214.0,27.0,8.0,60.0,58.0,613.0,2.0,0.6,2.6,2023-24,22500000.0,POR
Dillon Brooks,SF,28.0,72.0,2227.0,329.0,768.0,0.428,133.0,370.0,0.359,196.0,398.0,0.492,124.0,147.0,0.844,53.0,193.0,246.0,119.0,64.0,10.0,88.0,241.0,915.0,0.6,2.1,2.7,2023-24,22627671.0,HOU
Bruce Brown,PG,27.0,67.0,1866.0,278.0,582.0,0.478,53.0,164.0,0.323,225.0,418.0,0.538,117.0,142.0,0.824,53.0,231.0,284.0,192.0,59.0,17.0,86.0,148.0,726.0,1.2,1.0,2.2,2023-24,22000000.0,TOR
Jaylen Brown,SF,27.0,70.0,2343.0,627.0,1256.0,0.499,145.0,410.0,0.354,482.0,846.0,0.57,211.0,300.0,0.703,84.0,303.0,387.0,249.0,83.0,37.0,166.0,185.0,1610.0,2.7,3.2,5.9,2023-24,31830357.0,BOS
Kendall Brown,SG,20.0,15.0,63.0,8.0,15.0,0.533,0.0,2.0,0.0,8.0,13.0,0.615,5.0,8.0,0.625,3.0,2.0,5.0,5.0,0.0,0.0,2.0,9.0,21.0,0.1,0.0,0.1,2023-24,1100000.0,IND
Kobe Brown,PF,24.0,44.0,394.0,37.0,90.0,0.411,14.0,48.0,0.292,23.0,42.0,0.548,1.0,2.0,0.5,20.0,42.0,62.0,25.0,12.0,6.0,9.0,49.0,89.0,0.1,0.3,0.5,2023-24,2413320.0,LAC
Moses Brown,C,24.0,22.0,200.0,33.0,65.0,0.508,0.0,0.0,0.0,33.0,65.0,0.508,9.0,31.0,0.29,37.0,49.0,86.0,7.0,5.0,7.0,11.0,27.0,75.0,-0.1,0.2,0.2,2023-24,2019706.0,POR
Troy Brown Jr.,SF,24.0,59.0,827.0,84.0,226.0,0.372,47.0,141.0,0.333,37.0,85.0,0.435,32.0,37.0,0.865,25.0,119.0,144.0,60.0,24.0,3.0,30.0,42.0,247.0,0.0,0.9,0.8,2023-24,4000000.0,DET
Jalen Brunson,PG,27.0,77.0,2726.0,790.0,1648.0,0.479,211.0,526.0,0.401,579.0,1122.0,0.516,421.0,497.0,0.847,43.0,235.0,278.0,519.0,70.0,13.0,186.0,144.0,2212.0,8.8,2.4,11.2,2023-24,26346666.0,NYK
Thomas Bryant,C,26.0,38.0,441.0,86.0,149.0,0.577,4.0,22.0,0.182,82.0,127.0,0.646,41.0,47.0,0.872,40.0,101.0,141.0,23.0,10.0,16.0,21.0,46.0,217.0,0.9,0.8,1.6,2023-24,2528233.0,MIA
Kobe Bufkin,SG,20.0,17.0,196.0,34.0,92.0,0.37,9.0,40.0,0.225,25.0,52.0,0.481,4.0,8.0,0.5,6.0,27.0,33.0,27.0,7.0,5.0,10.0,20.0,81.0,-0.3,0.1,-0.1,2023-24,4094280.0,ATL
Reggie Bullock,SF,32.0,44.0,417.0,34.0,82.0,0.415,27.0,67.0,0.403,7.0,15.0,0.467,1.0,1.0,1.0,6.0,67.0,73.0,15.0,12.0,5.0,10.0,29.0,96.0,0.1,0.5,0.6,2023-24,13033786.0,SAS
Reggie Bullock,SF,32.0,44.0,417.0,34.0,82.0,0.415,27.0,67.0,0.403,7.0,15.0,0.467,1.0,1.0,1.0,6.0,67.0,73.0,15.0,12.0,5.0,10.0,29.0,96.0,0.1,0.5,0.6,2023-24,13033786.0,HOU
Alec Burks,SG,32.0,66.0,1212.0,210.0,569.0,0.369,124.0,330.0,0.376,86.0,239.0,0.36,145.0,167.0,0.868,24.0,126.0,150.0,88.0,28.0,12.0,48.0,75.0,689.0,0.7,0.7,1.4,2023-24,10489600.0,NYK
Jared Butler,SG,23.0,40.0,566.0,98.0,201.0,0.488,24.0,78.0,0.308,74.0,123.0,0.602,31.0,36.0,0.861,9.0,49.0,58.0,126.0,29.0,8.0,50.0,58.0,251.0,0.3,0.3,0.6,2023-24,1250000.0,WAS
Jimmy Butler,PF,34.0,60.0,2042.0,396.0,793.0,0.499,60.0,145.0,0.414,336.0,648.0,0.519,394.0,459.0,0.858,105.0,213.0,318.0,298.0,79.0,17.0,102.0,68.0,1246.0,6.4,2.7,9.1,2023-24,45183960.0,MIA
Kentavious Caldwell-Pope,SG,30.0,76.0,2402.0,270.0,587.0,0.46,125.0,308.0,0.406,145.0,279.0,0.52,101.0,113.0,0.894,31.0,152.0,183.0,183.0,98.0,42.0,75.0,151.0,766.0,2.2,2.6,4.8,2023-24,14704938.0,DEN
Toumani Camara,PF,23.0,70.0,1739.0,197.0,438.0,0.45,58.0,172.0,0.337,139.0,266.0,0.523,75.0,99.0,0.758,139.0,204.0,343.0,87.0,66.0,33.0,84.0,174.0,527.0,0.6,1.4,2.0,2023-24,1119563.0,POR
Clint Capela,C,29.0,73.0,1883.0,353.0,618.0,0.571,0.0,1.0,0.0,353.0,617.0,0.572,130.0,206.0,0.631,335.0,441.0,776.0,91.0,43.0,106.0,74.0,164.0,836.0,4.4,1.9,6.3,2023-24,20616000.0,ATL
Jevon Carter,PG,28.0,72.0,1004.0,138.0,365.0,0.378,77.0,234.0,0.329,61.0,131.0,0.466,4.0,7.0,0.571,11.0,49.0,60.0,94.0,37.0,16.0,36.0,71.0,357.0,-0.5,0.7,0.2,2023-24,6190476.0,CHI
Wendell Carter Jr.,C,24.0,55.0,1406.0,223.0,425.0,0.525,64.0,171.0,0.374,159.0,254.0,0.626,93.0,134.0,0.694,112.0,269.0,381.0,95.0,35.0,28.0,68.0,121.0,603.0,2.2,2.1,4.4,2023-24,13050000.0,ORL
Alex Caruso,SG,29.0,71.0,2040.0,253.0,541.0,0.468,136.0,333.0,0.408,117.0,208.0,0.563,73.0,96.0,0.76,62.0,211.0,273.0,247.0,120.0,70.0,102.0,181.0,715.0,2.3,2.6,4.9,2023-24,9460000.0,CHI
Julian Champagnie,SF,22.0,74.0,1468.0,164.0,402.0,0.408,101.0,277.0,0.365,63.0,125.0,0.504,75.0,92.0,0.815,42.0,164.0,206.0,103.0,48.0,42.0,57.0,77.0,504.0,0.6,1.3,1.8,2023-24,3000000.0,SAS
Max Christie,SG,20.0,67.0,944.0,103.0,241.0,0.427,42.0,118.0,0.356,61.0,123.0,0.496,36.0,46.0,0.783,15.0,127.0,142.0,60.0,20.0,17.0,35.0,57.0,284.0,-0.1,0.8,0.7,2023-24,1719864.0,LAL
Sidy Cissoko,SF,19.0,12.0,141.0,16.0,33.0,0.485,1.0,12.0,0.083,15.0,21.0,0.714,12.0,15.0,0.8,8.0,14.0,22.0,10.0,7.0,3.0,3.0,18.0,45.0,0.2,0.1,0.3,2023-24,1119563.0,SAS
Brandon Clarke,PF,27.0,6.0,134.0,33.0,59.0,0.559,1.0,6.0,0.167,32.0,53.0,0.604,1.0,7.0,0.143,13.0,19.0,32.0,9.0,5.0,6.0,3.0,8.0,68.0,0.1,0.2,0.3,2023-24,12500000.0,MEM
Jordan Clarkson,SG,31.0,55.0,1682.0,337.0,816.0,0.413,91.0,309.0,0.294,246.0,507.0,0.485,177.0,201.0,0.881,49.0,139.0,188.0,277.0,35.0,6.0,146.0,81.0,942.0,0.1,0.1,0.2,2023-24,23487629.0,UTA
Nic Claxton,C,24.0,71.0,2116.0,366.0,582.0,0.629,1.0,5.0,0.2,365.0,577.0,0.633,108.0,196.0,0.551,193.0,513.0,706.0,147.0,46.0,146.0,93.0,175.0,841.0,3.5,3.2,6.7,2023-24,9625000.0,BRK
Noah Clowney,PF,19.0,23.0,370.0,50.0,93.0,0.538,12.0,33.0,0.364,38.0,60.0,0.633,21.0,30.0,0.7,26.0,55.0,81.0,18.0,8.0,16.0,15.0,25.0,133.0,0.5,0.4,0.9,2023-24,3089520.0,BRK
Amir Coffey,SF,26.0,70.0,1460.0,166.0,352.0,0.472,70.0,184.0,0.38,96.0,168.0,0.571,61.0,71.0,0.859,29.0,119.0,148.0,76.0,41.0,14.0,33.0,102.0,463.0,1.6,1.0,2.6,2023-24,3666667.0,LAC
John Collins,PF,26.0,68.0,1901.0,397.0,746.0,0.532,86.0,232.0,0.371,311.0,514.0,0.605,147.0,185.0,0.795,157.0,418.0,575.0,77.0,40.0,61.0,98.0,191.0,1027.0,3.1,1.3,4.4,2023-24,25340000.0,UTA
Zach Collins,C,26.0,69.0,1526.0,298.0,616.0,0.484,58.0,181.0,0.32,240.0,435.0,0.552,122.0,162.0,0.753,118.0,252.0,370.0,194.0,34.0,52.0,132.0,206.0,776.0,0.4,1.5,1.8,2023-24,7700000.0,SAS
Mike Conley,PG,36.0,76.0,2193.0,294.0,644.0,0.457,179.0,405.0,0.442,115.0,239.0,0.481,102.0,112.0,0.911,37.0,181.0,218.0,449.0,88.0,17.0,102.0,128.0,869.0,5.0,3.3,8.2,2023-24,24360000.0,MIN
Pat Connaughton,SF,31.0,76.0,1676.0,151.0,347.0,0.435,82.0,238.0,0.345,69.0,109.0,0.633,44.0,58.0,0.759,51.0,188.0,239.0,161.0,40.0,19.0,49.0,99.0,428.0,1.6,1.2,2.8,2023-24,9423869.0,MIL
Bilal Coulibaly,SF,19.0,63.0,1715.0,188.0,432.0,0.435,64.0,185.0,0.346,124.0,247.0,0.502,92.0,131.0,0.702,56.0,200.0,256.0,110.0,57.0,48.0,87.0,137.0,532.0,-0.5,0.9,0.4,2023-24,6614280.0,WAS
Ricky Council IV,SG,22.0,32.0,289.0,54.0,112.0,0.482,12.0,32.0,0.375,42.0,80.0,0.525,53.0,71.0,0.746,14.0,32.0,46.0,16.0,8.0,1.0,5.0,17.0,173.0,0.8,0.3,1.0,2023-24,864353.0,PHI
Robert Covington,SF,33.0,29.0,488.0,43.0,98.0,0.439,19.0,56.0,0.339,24.0,42.0,0.571,22.0,26.0,0.846,31.0,66.0,97.0,24.0,39.0,18.0,11.0,56.0,127.0,0.6,0.9,1.5,2023-24,11692308.0,PHI
Torrey Craig,SF,33.0,53.0,1049.0,108.0,251.0,0.43,60.0,153.0,0.392,48.0,98.0,0.49,27.0,36.0,0.75,69.0,148.0,217.0,58.0,30.0,21.0,32.0,110.0,303.0,1.0,0.9,1.9,2023-24,2528233.0,CHI
Jae Crowder,PF,33.0,50.0,1156.0,114.0,270.0,0.422,58.0,166.0,0.349,56.0,104.0,0.538,26.0,36.0,0.722,31.0,130.0,161.0,66.0,38.0,9.0,23.0,74.0,312.0,0.6,1.0,1.6,2023-24,2019706.0,MIL
Cade Cunningham,PG,22.0,62.0,2074.0,524.0,1167.0,0.449,119.0,335.0,0.355,405.0,832.0,0.487,238.0,274.0,0.869,33.0,235.0,268.0,464.0,56.0,22.0,212.0,153.0,1405.0,0.7,1.0,1.8,2023-24,11055360.0,DET
Seth Curry,SG,33.0,44.0,616.0,80.0,204.0,0.392,38.0,108.0,0.352,42.0,96.0,0.438,28.0,31.0,0.903,18.0,50.0,68.0,44.0,22.0,6.0,21.0,39.0,226.0,0.1,0.4,0.5,2023-24,4000000.0,CHO
Stephen Curry,PG,35.0,74.0,2421.0,650.0,1445.0,0.45,357.0,876.0,0.408,293.0,569.0,0.515,299.0,324.0,0.923,37.0,293.0,330.0,379.0,54.0,28.0,210.0,117.0,1956.0,5.2,2.0,7.2,2023-24,51915615.0,GSW
Dyson Daniels,PG,20.0,61.0,1358.0,139.0,311.0,0.447,42.0,135.0,0.311,97.0,176.0,0.551,34.0,53.0,0.642,62.0,174.0,236.0,164.0,85.0,25.0,59.0,101.0,354.0,0.7,2.2,2.9,2023-24,5784120.0,NOP
Anthony Davis,C,30.0,76.0,2700.0,713.0,1283.0,0.556,29.0,107.0,0.271,684.0,1176.0,0.582,421.0,516.0,0.816,239.0,722.0,961.0,266.0,91.0,178.0,159.0,177.0,1876.0,7.2,4.7,11.8,2023-24,40600080.0,LAL
Johnny Davis,SG,21.0,50.0,613.0,62.0,154.0,0.403,14.0,40.0,0.35,48.0,114.0,0.421,14.0,24.0,0.583,18.0,54.0,72.0,32.0,18.0,10.0,13.0,57.0,152.0,-0.3,0.2,-0.1,2023-24,5050800.0,WAS
DeMar DeRozan,SF,34.0,79.0,2989.0,650.0,1355.0,0.48,75.0,225.0,0.333,575.0,1130.0,0.509,522.0,612.0,0.853,43.0,297.0,340.0,421.0,90.0,45.0,135.0,161.0,1897.0,7.0,2.2,9.2,2023-24,28600000.0,CHI
Mamadi Diakite,PF,27.0,6.0,24.0,4.0,6.0,0.667,0.0,1.0,0.0,4.0,5.0,0.8,4.0,6.0,0.667,1.0,3.0,4.0,2.0,1.0,1.0,1.0,2.0,12.0,0.1,0.0,0.1,2023-24,368600.0,NYK
Mamadi Diakite,PF,27.0,6.0,24.0,4.0,6.0,0.667,0.0,1.0,0.0,4.0,5.0,0.8,4.0,6.0,0.667,1.0,3.0,4.0,2.0,1.0,1.0,1.0,2.0,12.0,0.1,0.0,0.1,2023-24,368600.0,NYK
Hamidou Diallo,SG,25.0,2.0,5.0,1.0,2.0,0.5,0.0,0.0,0.0,1.0,2.0,0.5,0.0,0.0,0.0,2.0,0.0,2.0,1.0,2.0,0.0,1.0,1.0,2.0,0.0,0.0,0.0,2023-24,116075.0,WAS
Gradey Dick,SG,20.0,60.0,1268.0,189.0,445.0,0.425,88.0,241.0,0.365,101.0,204.0,0.495,44.0,51.0,0.863,27.0,105.0,132.0,68.0,34.0,2.0,50.0,87.0,510.0,-0.1,0.4,0.3,2023-24,4536720.0,TOR
Ousmane Dieng,PF,20.0,33.0,365.0,49.0,116.0,0.422,21.0,70.0,0.3,28.0,46.0,0.609,14.0,16.0,0.875,10.0,41.0,51.0,37.0,8.0,5.0,19.0,22.0,133.0,0.0,0.4,0.4,2023-24,4798440.0,OKC
Spencer Dinwiddie,PG,30.0,76.0,2152.0,251.0,640.0,0.392,124.0,368.0,0.337,127.0,272.0,0.467,169.0,210.0,0.805,30.0,175.0,205.0,356.0,51.0,22.0,91.0,138.0,795.0,2.3,1.3,3.6,2023-24,21911797.0,TOR
Spencer Dinwiddie,PG,30.0,76.0,2152.0,251.0,640.0,0.392,124.0,368.0,0.337,127.0,272.0,0.467,169.0,210.0,0.805,30.0,175.0,205.0,356.0,51.0,22.0,91.0,138.0,795.0,2.3,1.3,3.6,2023-24,21911797.0,LAL
Donte DiVincenzo,SG,27.0,81.0,2360.0,445.0,1004.0,0.443,283.0,705.0,0.401,162.0,299.0,0.542,86.0,114.0,0.754,63.0,234.0,297.0,216.0,107.0,36.0,113.0,166.0,1259.0,3.6,3.0,6.6,2023-24,10900000.0,NYK
Luka Dončić,PG,24.0,70.0,2624.0,804.0,1652.0,0.487,284.0,744.0,0.382,520.0,908.0,0.573,478.0,608.0,0.786,59.0,588.0,647.0,686.0,99.0,38.0,282.0,149.0,2370.0,8.5,3.5,12.0,2023-24,40064220.0,DAL
Luguentz Dort,SF,24.0,79.0,2246.0,288.0,657.0,0.438,156.0,396.0,0.394,132.0,261.0,0.506,128.0,155.0,0.826,74.0,210.0,284.0,113.0,72.0,47.0,74.0,228.0,860.0,2.0,2.5,4.6,2023-24,15277778.0,OKC
Ayo Dosunmu,SG,24.0,76.0,2212.0,360.0,719.0,0.501,119.0,295.0,0.403,241.0,424.0,0.568,85.0,105.0,0.81,54.0,162.0,216.0,242.0,68.0,36.0,103.0,166.0,924.0,2.6,1.5,4.1,2023-24,6481482.0,CHI
Jeff Dowtin,PG,26.0,12.0,142.0,20.0,36.0,0.556,9.0,19.0,0.474,11.0,17.0,0.647,3.0,4.0,0.75,3.0,17.0,20.0,27.0,7.0,1.0,5.0,1.0,52.0,0.4,0.2,0.6,2023-24,2196970.0,PHI
Jeff Dowtin,PG,26.0,12.0,142.0,20.0,36.0,0.556,9.0,19.0,0.474,11.0,17.0,0.647,3.0,4.0,0.75,3.0,17.0,20.0,27.0,7.0,1.0,5.0,1.0,52.0,0.4,0.2,0.6,2023-24,2196970.0,PHI
Andre Drummond,C,30.0,79.0,1351.0,267.0,480.0,0.556,0.0,3.0,0.0,267.0,477.0,0.56,129.0,218.0,0.592,265.0,443.0,708.0,37.0,73.0,48.0,81.0,140.0,663.0,2.3,2.6,4.9,2023-24,3360000.0,CHI
Chris Duarte,SF,26.0,59.0,719.0,80.0,210.0,0.381,44.0,127.0,0.346,36.0,83.0,0.434,26.0,33.0,0.788,26.0,80.0,106.0,44.0,28.0,8.0,26.0,80.0,230.0,0.0,0.7,0.7,2023-24,4124400.0,SAC
Kris Dunn,PG,29.0,66.0,1249.0,147.0,313.0,0.47,41.0,111.0,0.369,106.0,202.0,0.525,22.0,32.0,0.688,50.0,139.0,189.0,254.0,68.0,28.0,79.0,135.0,357.0,1.1,0.9,2.0,2023-24,2586665.0,UTA
Kevin Durant,PF,35.0,75.0,2791.0,751.0,1436.0,0.523,168.0,407.0,0.413,583.0,1029.0,0.567,362.0,423.0,0.856,41.0,454.0,495.0,378.0,69.0,91.0,244.0,133.0,2032.0,5.1,3.2,8.3,2023-24,47649433.0,PHO
Jalen Duren,C,20.0,61.0,1777.0,349.0,564.0,0.619,0.0,4.0,0.0,349.0,560.0,0.623,143.0,181.0,0.79,192.0,517.0,709.0,147.0,33.0,47.0,129.0,192.0,841.0,3.0,1.8,4.8,2023-24,4330680.0,DET
Tari Eason,PF,22.0,22.0,480.0,88.0,189.0,0.466,18.0,50.0,0.36,70.0,139.0,0.504,21.0,33.0,0.636,46.0,107.0,153.0,27.0,31.0,19.0,20.0,51.0,215.0,0.3,1.0,1.3,2023-24,3527160.0,HOU
Anthony Edwards,SG,22.0,79.0,2770.0,718.0,1558.0,0.461,190.0,532.0,0.357,528.0,1026.0,0.515,423.0,506.0,0.836,52.0,378.0,430.0,405.0,101.0,42.0,241.0,141.0,2049.0,2.9,4.7,7.5,2023-24,13534817.0,MIN
Kessler Edwards,SF,23.0,54.0,275.0,34.0,82.0,0.415,20.0,52.0,0.385,14.0,30.0,0.467,5.0,9.0,0.556,9.0,33.0,42.0,15.0,10.0,4.0,4.0,26.0,93.0,0.2,0.3,0.5,2023-24,1927896.0,SAC
Keon Ellis,SG,24.0,57.0,978.0,107.0,232.0,0.461,70.0,168.0,0.417,37.0,64.0,0.578,26.0,35.0,0.743,32.0,92.0,124.0,85.0,51.0,29.0,37.0,112.0,310.0,1.1,1.2,2.3,2023-24,683430.0,SAC
Joel Embiid,C,29.0,39.0,1309.0,450.0,851.0,0.529,54.0,139.0,0.388,396.0,712.0,0.556,399.0,452.0,0.883,95.0,335.0,430.0,219.0,46.0,66.0,150.0,112.0,1353.0,5.2,2.3,7.5,2023-24,47607350.0,PHI
Drew Eubanks,C,26.0,75.0,1169.0,152.0,253.0,0.601,3.0,3.0,1.0,149.0,250.0,0.596,72.0,93.0,0.774,103.0,219.0,322.0,63.0,27.0,61.0,61.0,115.0,379.0,1.6,1.6,3.1,2023-24,2346614.0,PHO
Tosan Evbuomwan,SF,22.0,17.0,367.0,36.0,71.0,0.507,12.0,32.0,0.375,24.0,39.0,0.615,17.0,25.0,0.68,18.0,42.0,60.0,16.0,6.0,5.0,9.0,23.0,101.0,0.4,0.2,0.5,2023-24,135120.0,DET
Tosan Evbuomwan,SF,22.0,17.0,367.0,36.0,71.0,0.507,12.0,32.0,0.375,24.0,39.0,0.615,17.0,25.0,0.68,18.0,42.0,60.0,16.0,6.0,5.0,9.0,23.0,101.0,0.4,0.2,0.5,2023-24,135120.0,MEM
Dante Exum,PG,28.0,55.0,1088.0,161.0,302.0,0.533,53.0,108.0,0.491,108.0,194.0,0.557,53.0,68.0,0.779,25.0,124.0,149.0,157.0,22.0,5.0,49.0,85.0,428.0,2.1,0.8,2.9,2023-24,3000000.0,DAL
Bruno Fernando,C,25.0,45.0,682.0,109.0,187.0,0.583,0.0,4.0,0.0,109.0,183.0,0.596,64.0,96.0,0.667,59.0,134.0,193.0,46.0,25.0,28.0,44.0,107.0,282.0,0.8,0.7,1.5,2023-24,2581522.0,ATL
Dorian Finney-Smith,PF,30.0,68.0,1934.0,215.0,511.0,0.421,117.0,336.0,0.348,98.0,175.0,0.56,33.0,46.0,0.717,109.0,208.0,317.0,107.0,56.0,38.0,59.0,150.0,580.0,1.0,1.6,2.6,2023-24,13932008.0,BRK
Malachi Flynn,PG,25.0,69.0,876.0,136.0,325.0,0.418,56.0,169.0,0.331,80.0,156.0,0.513,52.0,71.0,0.732,21.0,93.0,114.0,130.0,38.0,8.0,63.0,66.0,380.0,-0.1,0.6,0.5,2023-24,3873025.0,DET
Simone Fontecchio,SF,28.0,66.0,1644.0,252.0,548.0,0.46,134.0,334.0,0.401,118.0,214.0,0.551,54.0,66.0,0.818,64.0,182.0,246.0,101.0,44.0,23.0,68.0,110.0,692.0,1.5,0.6,2.1,2023-24,3044872.0,DET
Trent Forrest,SG,25.0,38.0,414.0,34.0,90.0,0.378,2.0,10.0,0.2,32.0,80.0,0.4,13.0,17.0,0.765,11.0,40.0,51.0,92.0,11.0,3.0,20.0,25.0,83.0,0.1,0.1,0.2,2023-24,533945.0,ATL
Evan Fournier,SG,31.0,32.0,580.0,79.0,221.0,0.357,33.0,130.0,0.254,46.0,91.0,0.505,29.0,36.0,0.806,5.0,53.0,58.0,48.0,29.0,7.0,21.0,48.0,220.0,-0.5,0.4,-0.1,2023-24,18857143.0,DET
De'Aaron Fox,PG,26.0,74.0,2659.0,720.0,1549.0,0.465,214.0,580.0,0.369,506.0,969.0,0.522,312.0,423.0,0.738,67.0,273.0,340.0,418.0,150.0,31.0,194.0,193.0,1966.0,3.3,3.2,6.5,2023-24,32600060.0,SAC
Javon Freeman-Liberty,PG,24.0,22.0,403.0,55.0,124.0,0.444,10.0,42.0,0.238,45.0,82.0,0.549,33.0,36.0,0.917,16.0,54.0,70.0,40.0,10.0,4.0,25.0,28.0,153.0,0.1,0.2,0.2,2023-24,289542.0,TOR
Markelle Fultz,PG,25.0,43.0,910.0,154.0,326.0,0.472,4.0,18.0,0.222,150.0,308.0,0.487,23.0,33.0,0.697,56.0,82.0,138.0,120.0,42.0,15.0,50.0,65.0,335.0,0.0,1.3,1.3,2023-24,17000000.0,ORL
Daniel Gafford,C,25.0,74.0,1815.0,348.0,480.0,0.725,0.0,0.0,0.0,348.0,480.0,0.725,118.0,175.0,0.674,195.0,367.0,562.0,115.0,65.0,153.0,74.0,227.0,814.0,5.2,2.5,7.8,2023-24,12402000.0,DAL
Danilo Gallinari,PF,35.0,49.0,630.0,83.0,190.0,0.437,30.0,93.0,0.323,53.0,97.0,0.546,84.0,98.0,0.857,20.0,88.0,108.0,55.0,14.0,6.0,23.0,50.0,280.0,1.0,0.3,1.3,2023-24,7464578.0,DET
Danilo Gallinari,PF,35.0,49.0,630.0,83.0,190.0,0.437,30.0,93.0,0.323,53.0,97.0,0.546,84.0,98.0,0.857,20.0,88.0,108.0,55.0,14.0,6.0,23.0,50.0,280.0,1.0,0.3,1.3,2023-24,7464578.0,MIL
Darius Garland,PG,24.0,57.0,1901.0,375.0,841.0,0.446,132.0,356.0,0.371,243.0,485.0,0.501,146.0,175.0,0.834,30.0,122.0,152.0,373.0,74.0,7.0,176.0,95.0,1028.0,0.7,2.0,2.7,2023-24,34005250.0,CLE
Usman Garuba,PF,21.0,6.0,18.0,1.0,6.0,0.167,0.0,1.0,0.0,1.0,5.0,0.2,1.0,2.0,0.5,3.0,4.0,7.0,1.0,1.0,3.0,2.0,2.0,3.0,-0.1,0.0,0.0,2023-24,2600008.0,OKC
Usman Garuba,PF,21.0,6.0,18.0,1.0,6.0,0.167,0.0,1.0,0.0,1.0,5.0,0.2,1.0,2.0,0.5,3.0,4.0,7.0,1.0,1.0,3.0,2.0,2.0,3.0,-0.1,0.0,0.0,2023-24,2600008.0,GSW
Luka Garza,C,25.0,25.0,122.0,36.0,75.0,0.48,9.0,32.0,0.281,27.0,43.0,0.628,18.0,25.0,0.72,19.0,12.0,31.0,4.0,4.0,1.0,6.0,24.0,99.0,0.2,0.2,0.4,2023-24,127683.0,MIN
Keyonte George,PG,20.0,75.0,2023.0,319.0,815.0,0.391,147.0,440.0,0.334,172.0,375.0,0.459,189.0,223.0,0.848,15.0,196.0,211.0,332.0,36.0,7.0,188.0,91.0,974.0,-0.4,0.1,-0.3,2023-24,3889800.0,UTA
Paul George,PF,33.0,74.0,2502.0,582.0,1236.0,0.471,243.0,588.0,0.413,339.0,648.0,0.523,264.0,291.0,0.907,37.0,351.0,388.0,262.0,113.0,37.0,153.0,202.0,1671.0,4.4,2.8,7.3,2023-24,45640084.0,LAC
Taj Gibson,PF,38.0,20.0,204.0,15.0,37.0,0.405,2.0,10.0,0.2,13.0,27.0,0.481,2.0,2.0,1.0,12.0,25.0,37.0,11.0,3.0,7.0,5.0,31.0,34.0,0.0,0.2,0.2,2023-24,2961636.0,WAS
Taj Gibson,PF,38.0,20.0,204.0,15.0,37.0,0.405,2.0,10.0,0.2,13.0,27.0,0.481,2.0,2.0,1.0,12.0,25.0,37.0,11.0,3.0,7.0,5.0,31.0,34.0,0.0,0.2,0.2,2023-24,2961636.0,NYK
Taj Gibson,PF,38.0,20.0,204.0,15.0,37.0,0.405,2.0,10.0,0.2,13.0,27.0,0.481,2.0,2.0,1.0,12.0,25.0,37.0,11.0,3.0,7.0,5.0,31.0,34.0,0.0,0.2,0.2,2023-24,2961636.0,DET
Taj Gibson,PF,38.0,20.0,204.0,15.0,37.0,0.405,2.0,10.0,0.2,13.0,27.0,0.481,2.0,2.0,1.0,12.0,25.0,37.0,11.0,3.0,7.0,5.0,31.0,34.0,0.0,0.2,0.2,2023-24,2961636.0,NYK
Taj Gibson,PF,38.0,20.0,204.0,15.0,37.0,0.405,2.0,10.0,0.2,13.0,27.0,0.481,2.0,2.0,1.0,12.0,25.0,37.0,11.0,3.0,7.0,5.0,31.0,34.0,0.0,0.2,0.2,2023-24,2961636.0,NYK
Taj Gibson,PF,38.0,20.0,204.0,15.0,37.0,0.405,2.0,10.0,0.2,13.0,27.0,0.481,2.0,2.0,1.0,12.0,25.0,37.0,11.0,3.0,7.0,5.0,31.0,34.0,0.0,0.2,0.2,2023-24,2961636.0,DET
Josh Giddey,SG,21.0,80.0,2011.0,402.0,847.0,0.475,82.0,243.0,0.337,320.0,604.0,0.53,100.0,124.0,0.806,111.0,403.0,514.0,386.0,51.0,44.0,168.0,111.0,986.0,1.4,2.9,4.3,2023-24,6587040.0,OKC
Harry Giles,C,25.0,23.0,100.0,23.0,50.0,0.46,3.0,14.0,0.214,20.0,36.0,0.556,7.0,13.0,0.538,12.0,18.0,30.0,6.0,2.0,3.0,6.0,15.0,56.0,0.0,0.1,0.1,2023-24,2019706.0,BRK
Shai Gilgeous-Alexander,PG,25.0,75.0,2553.0,796.0,1487.0,0.535,95.0,269.0,0.353,701.0,1218.0,0.576,567.0,649.0,0.874,65.0,350.0,415.0,465.0,150.0,67.0,162.0,184.0,2254.0,10.5,4.2,14.6,2023-24,33386850.0,OKC
Anthony Gill,PF,31.0,50.0,466.0,75.0,160.0,0.469,10.0,41.0,0.244,65.0,119.0,0.546,29.0,36.0,0.806,37.0,57.0,94.0,34.0,13.0,11.0,23.0,48.0,189.0,0.1,0.2,0.4,2023-24,1997238.0,WAS
Rudy Gobert,C,31.0,76.0,2593.0,406.0,614.0,0.661,0.0,3.0,0.0,406.0,611.0,0.664,249.0,390.0,0.638,285.0,697.0,982.0,102.0,52.0,162.0,118.0,238.0,1061.0,5.8,5.8,11.6,2023-24,41000000.0,MIN
Jordan Goodwin,PG,25.0,57.0,1055.0,141.0,382.0,0.369,42.0,141.0,0.298,99.0,241.0,0.411,44.0,59.0,0.746,88.0,165.0,253.0,155.0,48.0,18.0,56.0,76.0,368.0,-0.2,1.4,1.2,2023-24,1927896.0,BRK
Jordan Goodwin,PG,25.0,57.0,1055.0,141.0,382.0,0.369,42.0,141.0,0.298,99.0,241.0,0.411,44.0,59.0,0.746,88.0,165.0,253.0,155.0,48.0,18.0,56.0,76.0,368.0,-0.2,1.4,1.2,2023-24,1927896.0,MEM
Aaron Gordon,PF,28.0,73.0,2297.0,398.0,716.0,0.556,40.0,138.0,0.29,358.0,578.0,0.619,177.0,269.0,0.658,174.0,297.0,471.0,259.0,56.0,45.0,105.0,142.0,1013.0,4.5,2.6,7.1,2023-24,22266182.0,DEN
Eric Gordon,SG,35.0,68.0,1893.0,274.0,618.0,0.443,150.0,397.0,0.378,124.0,221.0,0.561,51.0,64.0,0.797,16.0,106.0,122.0,139.0,66.0,30.0,73.0,79.0,749.0,1.0,1.5,2.5,2023-24,3196448.0,PHO
Devonte' Graham,PG,28.0,23.0,313.0,38.0,108.0,0.352,25.0,83.0,0.301,13.0,25.0,0.52,13.0,16.0,0.813,5.0,31.0,36.0,49.0,9.0,2.0,17.0,14.0,114.0,-0.1,0.2,0.1,2023-24,12100000.0,SAS
Jerami Grant,PF,29.0,54.0,1830.0,383.0,850.0,0.451,111.0,276.0,0.402,272.0,574.0,0.474,255.0,312.0,0.817,37.0,154.0,191.0,152.0,45.0,34.0,116.0,117.0,1132.0,1.7,1.0,2.7,2023-24,27586207.0,POR
A.J. Green,SG,24.0,56.0,614.0,83.0,196.0,0.423,69.0,169.0,0.408,14.0,27.0,0.519,17.0,19.0,0.895,9.0,55.0,64.0,30.0,9.0,4.0,12.0,49.0,252.0,0.7,0.3,1.1,2023-24,1901769.0,MIL
Danny Green,SG,36.0,2.0,18.0,0.0,2.0,0.0,0.0,1.0,0.0,0.0,1.0,0.0,0.0,0.0,0.0,0.0,2.0,2.0,1.0,1.0,0.0,0.0,1.0,0.0,0.0,0.0,0.0,2023-24,200000.0,PHI
Draymond Green,PF,33.0,55.0,1490.0,185.0,372.0,0.497,51.0,129.0,0.395,134.0,243.0,0.551,54.0,74.0,0.73,76.0,322.0,398.0,332.0,55.0,47.0,135.0,166.0,475.0,1.4,2.2,3.6,2023-24,22321429.0,GSW
Jalen Green,SG,21.0,82.0,2601.0,563.0,1332.0,0.423,201.0,605.0,0.332,362.0,727.0,0.498,283.0,352.0,0.804,41.0,382.0,423.0,291.0,66.0,28.0,191.0,115.0,1610.0,0.2,2.9,3.1,2023-24,9891480.0,HOU
Javonte Green,SF,30.0,9.0,230.0,45.0,75.0,0.6,10.0,27.0,0.37,35.0,48.0,0.729,10.0,13.0,0.769,20.0,47.0,67.0,5.0,10.0,8.0,7.0,19.0,110.0,0.5,0.3,0.9,2023-24,243758.0,CHI
Javonte Green,SF,30.0,9.0,230.0,45.0,75.0,0.6,10.0,27.0,0.37,35.0,48.0,0.729,10.0,13.0,0.769,20.0,47.0,67.0,5.0,10.0,8.0,7.0,19.0,110.0,0.5,0.3,0.9,2023-24,243758.0,CHI
Jeff Green,PF,37.0,78.0,1307.0,167.0,366.0,0.456,53.0,160.0,0.331,114.0,206.0,0.553,122.0,149.0,0.819,46.0,132.0,178.0,70.0,16.0,31.0,46.0,100.0,509.0,1.4,1.2,2.6,2023-24,9600000.0,HOU
Josh Green,SG,23.0,57.0,1505.0,179.0,374.0,0.479,72.0,187.0,0.385,107.0,187.0,0.572,39.0,57.0,0.684,40.0,144.0,184.0,130.0,47.0,9.0,60.0,107.0,469.0,1.0,1.2,2.2,2023-24,4765339.0,DAL
AJ Griffin,SF,20.0,20.0,171.0,18.0,62.0,0.29,10.0,39.0,0.256,8.0,23.0,0.348,2.0,2.0,1.0,2.0,16.0,18.0,5.0,1.0,2.0,8.0,6.0,48.0,-0.4,0.0,-0.4,2023-24,3712920.0,ATL
Quentin Grimes,SG,23.0,51.0,1025.0,122.0,328.0,0.372,81.0,240.0,0.338,41.0,88.0,0.466,34.0,45.0,0.756,15.0,85.0,100.0,66.0,35.0,7.0,28.0,75.0,359.0,0.3,1.0,1.3,2023-24,2385720.0,DET
Mouhamed Gueye,PF,21.0,6.0,73.0,8.0,23.0,0.348,3.0,9.0,0.333,5.0,14.0,0.357,5.0,6.0,0.833,10.0,12.0,22.0,4.0,5.0,4.0,1.0,13.0,24.0,0.1,0.1,0.2,2023-24,1119563.0,ATL
Rui Hachimura,PF,25.0,68.0,1826.0,363.0,676.0,0.537,98.0,232.0,0.422,265.0,444.0,0.597,99.0,134.0,0.739,58.0,236.0,294.0,81.0,41.0,25.0,46.0,101.0,923.0,2.7,1.5,4.1,2023-24,15740741.0,LAL
Ashton Hagans,PG,24.0,19.0,316.0,29.0,71.0,0.408,8.0,25.0,0.32,21.0,46.0,0.457,14.0,17.0,0.824,14.0,31.0,45.0,54.0,11.0,9.0,30.0,40.0,80.0,-0.2,0.3,0.0,2023-24,103550.0,POR
Tyrese Haliburton,PG,23.0,69.0,2224.0,500.0,1048.0,0.477,195.0,535.0,0.364,305.0,513.0,0.595,194.0,227.0,0.855,35.0,236.0,271.0,752.0,83.0,48.0,159.0,75.0,1389.0,7.6,1.5,9.0,2023-24,5808435.0,IND
Tim Hardaway Jr.,SF,31.0,79.0,2120.0,392.0,976.0,0.402,211.0,597.0,0.353,181.0,379.0,0.478,144.0,169.0,0.852,22.0,232.0,254.0,139.0,42.0,6.0,69.0,106.0,1139.0,0.8,1.4,2.2,2023-24,17897728.0,DAL
James Harden,PG,34.0,72.0,2470.0,352.0,822.0,0.428,186.0,488.0,0.381,166.0,334.0,0.497,302.0,344.0,0.878,34.0,335.0,369.0,614.0,77.0,57.0,185.0,127.0,1192.0,5.9,2.5,8.4,2023-24,35680595.0,LAC
Jaden Hardy,SG,21.0,73.0,989.0,195.0,479.0,0.407,81.0,224.0,0.362,114.0,255.0,0.447,59.0,76.0,0.776,20.0,111.0,131.0,109.0,22.0,4.0,62.0,80.0,530.0,-0.4,0.7,0.3,2023-24,1719864.0,DAL
Gary Harris,SG,29.0,54.0,1297.0,131.0,297.0,0.441,76.0,205.0,0.371,55.0,92.0,0.598,34.0,45.0,0.756,24.0,67.0,91.0,87.0,49.0,14.0,31.0,91.0,372.0,1.1,1.5,2.7,2023-24,13000000.0,ORL
Joe Harris,SG,32.0,16.0,170.0,14.0,39.0,0.359,10.0,30.0,0.333,4.0,9.0,0.444,1.0,2.0,0.5,3.0,10.0,13.0,10.0,3.0,2.0,4.0,19.0,39.0,0.0,0.0,0.0,2023-24,19928571.0,DET
Tobias Harris,PF,31.0,70.0,2368.0,463.0,951.0,0.487,91.0,258.0,0.353,372.0,693.0,0.537,187.0,213.0,0.878,80.0,373.0,453.0,217.0,70.0,46.0,93.0,115.0,1204.0,3.2,2.7,5.9,2023-24,39270150.0,PHI
Josh Hart,SF,28.0,81.0,2707.0,295.0,679.0,0.434,80.0,258.0,0.31,215.0,421.0,0.511,91.0,115.0,0.791,128.0,547.0,675.0,331.0,75.0,23.0,118.0,171.0,761.0,2.0,3.6,5.7,2023-24,12960000.0,NYK
Isaiah Hartenstein,C,25.0,75.0,1896.0,235.0,365.0,0.644,1.0,3.0,0.333,234.0,362.0,0.646,111.0,157.0,0.707,244.0,382.0,626.0,188.0,87.0,85.0,93.0,210.0,582.0,4.6,3.5,8.1,2023-24,9245121.0,NYK
Sam Hauser,SF,26.0,79.0,1741.0,249.0,558.0,0.446,197.0,465.0,0.424,52.0,93.0,0.559,17.0,19.0,0.895,45.0,231.0,276.0,82.0,40.0,25.0,32.0,99.0,712.0,2.7,2.1,4.9,2023-24,1927896.0,BOS
Jordan Hawkins,SG,21.0,67.0,1160.0,174.0,456.0,0.382,109.0,298.0,0.366,65.0,158.0,0.411,67.0,80.0,0.838,29.0,119.0,148.0,70.0,19.0,7.0,40.0,72.0,524.0,0.3,1.0,1.3,2023-24,4310160.0,NOP
Jaxson Hayes,C,23.0,70.0,877.0,126.0,175.0,0.72,0.0,8.0,0.0,126.0,167.0,0.754,51.0,82.0,0.622,69.0,142.0,211.0,33.0,34.0,29.0,43.0,123.0,303.0,1.4,1.1,2.5,2023-24,2165000.0,LAL
Killian Hayes,PG,22.0,42.0,1008.0,117.0,283.0,0.413,22.0,74.0,0.297,95.0,209.0,0.455,33.0,50.0,0.66,11.0,108.0,119.0,205.0,36.0,20.0,51.0,75.0,289.0,0.0,0.7,0.7,2023-24,7413955.0,DET
Gordon Hayward,SF,33.0,51.0,1245.0,187.0,403.0,0.464,37.0,90.0,0.411,150.0,313.0,0.479,89.0,120.0,0.742,38.0,143.0,181.0,158.0,40.0,13.0,66.0,67.0,500.0,0.6,0.9,1.5,2023-24,33319397.0,OKC
Scoot Henderson,PG,19.0,62.0,1765.0,307.0,797.0,0.385,87.0,268.0,0.325,220.0,529.0,0.416,167.0,204.0,0.819,53.0,141.0,194.0,336.0,48.0,13.0,212.0,195.0,868.0,-2.5,0.9,-1.7,2023-24,9770880.0,POR
Taylor Hendricks,PF,20.0,40.0,856.0,108.0,240.0,0.45,53.0,140.0,0.379,55.0,100.0,0.55,23.0,29.0,0.793,46.0,139.0,185.0,32.0,28.0,30.0,27.0,77.0,292.0,0.7,0.6,1.2,2023-24,5569920.0,UTA
Tyler Herro,SG,24.0,42.0,1407.0,324.0,735.0,0.441,132.0,333.0,0.396,192.0,402.0,0.478,95.0,111.0,0.856,19.0,203.0,222.0,188.0,30.0,3.0,93.0,63.0,875.0,0.4,1.6,2.0,2023-24,27000000.0,MIA
Buddy Hield,SF,31.0,84.0,2160.0,371.0,850.0,0.436,219.0,568.0,0.386,152.0,282.0,0.539,52.0,59.0,0.881,61.0,208.0,269.0,236.0,70.0,42.0,103.0,169.0,1013.0,1.9,1.6,3.5,2023-24,19845098.0,PHI
Haywood Highsmith,PF,27.0,66.0,1366.0,153.0,329.0,0.465,76.0,192.0,0.396,77.0,137.0,0.562,23.0,36.0,0.639,65.0,145.0,210.0,70.0,53.0,30.0,34.0,117.0,405.0,1.1,1.9,3.1,2023-24,1902137.0,MIA
Aaron Holiday,PG,27.0,78.0,1269.0,186.0,417.0,0.446,84.0,217.0,0.387,102.0,200.0,0.51,58.0,63.0,0.921,23.0,100.0,123.0,140.0,42.0,6.0,53.0,125.0,514.0,1.3,1.2,2.5,2023-24,2019706.0,HOU
Jrue Holiday,PG,33.0,69.0,2263.0,331.0,689.0,0.48,138.0,322.0,0.429,193.0,367.0,0.526,60.0,72.0,0.833,84.0,289.0,373.0,333.0,61.0,53.0,124.0,108.0,860.0,3.3,3.0,6.3,2023-24,36861707.0,BOS
Justin Holiday,SG,34.0,58.0,862.0,88.0,194.0,0.454,55.0,136.0,0.404,33.0,58.0,0.569,3.0,4.0,0.75,9.0,62.0,71.0,67.0,36.0,9.0,14.0,69.0,234.0,0.9,0.9,1.8,2023-24,2019706.0,DEN
Richaun Holmes,C,30.0,40.0,555.0,82.0,147.0,0.558,1.0,3.0,0.333,81.0,144.0,0.563,34.0,47.0,0.723,71.0,111.0,182.0,25.0,11.0,19.0,24.0,74.0,199.0,0.8,0.5,1.3,2023-24,12046020.0,WAS
Chet Holmgren,C,21.0,82.0,2413.0,505.0,953.0,0.53,129.0,349.0,0.37,376.0,604.0,0.623,218.0,275.0,0.793,129.0,519.0,648.0,200.0,53.0,190.0,131.0,197.0,1357.0,4.6,4.4,8.9,2023-24,10386000.0,OKC
Jalen Hood-Schifino,SG,20.0,21.0,109.0,10.0,45.0,0.222,2.0,15.0,0.133,8.0,30.0,0.267,12.0,20.0,0.6,2.0,11.0,13.0,8.0,3.0,2.0,9.0,13.0,34.0,-0.6,0.1,-0.5,2023-24,3695040.0,LAL
Al Horford,C,37.0,65.0,1740.0,214.0,419.0,0.511,108.0,258.0,0.419,106.0,161.0,0.658,26.0,30.0,0.867,82.0,331.0,413.0,168.0,38.0,62.0,48.0,93.0,562.0,3.5,2.7,6.2,2023-24,10000000.0,BOS
Talen Horton-Tucker,PG,23.0,51.0,1009.0,184.0,465.0,0.396,60.0,182.0,0.33,124.0,283.0,0.438,88.0,109.0,0.807,21.0,100.0,121.0,177.0,45.0,19.0,65.0,94.0,516.0,0.3,0.5,0.8,2023-24,11020000.0,UTA
Danuel House Jr.,SF,30.0,34.0,509.0,47.0,105.0,0.448,15.0,50.0,0.3,32.0,55.0,0.582,35.0,46.0,0.761,16.0,42.0,58.0,28.0,15.0,5.0,19.0,45.0,144.0,0.3,0.4,0.7,2023-24,4310250.0,DET
Caleb Houstan,SF,21.0,59.0,815.0,80.0,206.0,0.388,72.0,193.0,0.373,8.0,13.0,0.615,21.0,26.0,0.808,28.0,56.0,84.0,29.0,15.0,4.0,16.0,61.0,253.0,0.7,0.8,1.5,2023-24,2000000.0,ORL
Jett Howard,SF,20.0,18.0,67.0,10.0,30.0,0.333,7.0,25.0,0.28,3.0,5.0,0.6,2.0,4.0,0.5,1.0,6.0,7.0,6.0,2.0,2.0,3.0,4.0,29.0,-0.1,0.1,0.0,2023-24,5026800.0,ORL
Kevin Huerter,SG,25.0,64.0,1562.0,248.0,560.0,0.443,123.0,341.0,0.361,125.0,219.0,0.571,36.0,47.0,0.766,38.0,186.0,224.0,166.0,45.0,23.0,53.0,135.0,655.0,1.5,1.4,2.9,2023-24,15669643.0,SAC
De'Andre Hunter,SF,26.0,57.0,1681.0,304.0,663.0,0.459,117.0,304.0,0.385,187.0,359.0,0.521,166.0,196.0,0.847,31.0,191.0,222.0,87.0,40.0,16.0,83.0,146.0,891.0,1.6,0.6,2.2,2023-24,20089286.0,ATL
Matthew Hurt,PF,23.0,8.0,113.0,12.0,34.0,0.353,5.0,20.0,0.25,7.0,14.0,0.5,3.0,3.0,1.0,9.0,7.0,16.0,4.0,3.0,3.0,2.0,8.0,32.0,0.0,0.1,0.1,2023-24,1181715.25,MEM
Bones Hyland,PG,23.0,37.0,540.0,97.0,251.0,0.386,44.0,135.0,0.326,53.0,116.0,0.457,18.0,23.0,0.783,5.0,50.0,55.0,93.0,26.0,4.0,44.0,51.0,256.0,-0.5,0.5,0.0,2023-24,2306400.0,LAC
Joe Ingles,SF,36.0,68.0,1169.0,99.0,227.0,0.436,70.0,161.0,0.435,29.0,66.0,0.439,28.0,34.0,0.824,18.0,124.0,142.0,203.0,43.0,5.0,67.0,88.0,296.0,1.1,1.5,2.6,2023-24,11000000.0,ORL
Brandon Ingram,SF,26.0,64.0,2103.0,500.0,1017.0,0.492,86.0,242.0,0.355,414.0,775.0,0.534,246.0,307.0,0.801,43.0,281.0,324.0,363.0,50.0,40.0,163.0,145.0,1332.0,2.7,2.4,5.1,2023-24,33833400.0,NOP
Kyrie Irving,SG,31.0,58.0,2030.0,562.0,1131.0,0.497,173.0,421.0,0.411,389.0,710.0,0.548,190.0,210.0,0.905,44.0,246.0,290.0,299.0,74.0,28.0,106.0,112.0,1487.0,4.9,2.0,6.9,2023-24,37037037.0,DAL
Jonathan Isaac,PF,26.0,58.0,914.0,146.0,286.0,0.51,42.0,112.0,0.375,104.0,174.0,0.598,59.0,82.0,0.72,73.0,187.0,260.0,30.0,43.0,70.0,27.0,64.0,393.0,1.5,2.1,3.6,2023-24,17400000.0,ORL
Jaden Ivey,SG,21.0,77.0,2217.0,417.0,973.0,0.429,124.0,369.0,0.336,293.0,604.0,0.485,227.0,303.0,0.749,86.0,178.0,264.0,296.0,57.0,41.0,190.0,204.0,1185.0,-0.5,1.0,0.5,2023-24,7614480.0,DET
Andre Jackson Jr.,SG,22.0,57.0,572.0,50.0,100.0,0.5,17.0,46.0,0.37,33.0,54.0,0.611,8.0,11.0,0.727,43.0,70.0,113.0,50.0,16.0,6.0,28.0,92.0,125.0,0.5,0.5,1.0,2023-24,1119563.0,MIL
GG Jackson II,PF,19.0,48.0,1233.0,241.0,563.0,0.428,102.0,286.0,0.357,139.0,277.0,0.502,115.0,153.0,0.752,53.0,143.0,196.0,59.0,28.0,24.0,65.0,64.0,699.0,0.2,1.1,1.2,2023-24,1991428.0,MEM
Isaiah Jackson,C,22.0,59.0,771.0,155.0,233.0,0.665,0.0,4.0,0.0,155.0,229.0,0.677,73.0,102.0,0.716,94.0,144.0,238.0,50.0,34.0,61.0,39.0,137.0,383.0,2.2,1.1,3.3,2023-24,2696280.0,IND
Jaren Jackson Jr.,C,24.0,66.0,2124.0,516.0,1162.0,0.444,117.0,366.0,0.32,399.0,796.0,0.501,337.0,417.0,0.808,85.0,280.0,365.0,154.0,80.0,106.0,160.0,235.0,1486.0,0.2,2.8,3.0,2023-24,27102202.0,MEM
Reggie Jackson,PG,33.0,82.0,1817.0,326.0,756.0,0.431,102.0,284.0,0.359,224.0,472.0,0.475,79.0,98.0,0.806,33.0,122.0,155.0,308.0,44.0,13.0,106.0,149.0,833.0,0.6,1.5,2.1,2023-24,5000000.0,DEN
Trayce Jackson-Davis,PF,23.0,68.0,1130.0,233.0,332.0,0.702,0.0,1.0,0.0,233.0,331.0,0.704,74.0,132.0,0.561,135.0,206.0,341.0,82.0,29.0,76.0,49.0,108.0,540.0,3.2,1.6,4.8,2023-24,1119563.0,GSW
LeBron James,PF,39.0,71.0,2504.0,685.0,1269.0,0.54,149.0,363.0,0.41,536.0,906.0,0.592,303.0,404.0,0.75,61.0,457.0,518.0,589.0,89.0,38.0,245.0,78.0,1822.0,5.7,2.8,8.5,2023-24,47607350.0,LAL
Jaime Jaquez Jr.,SF,22.0,75.0,2113.0,341.0,697.0,0.489,65.0,202.0,0.322,276.0,495.0,0.558,142.0,175.0,0.811,82.0,203.0,285.0,195.0,77.0,20.0,110.0,167.0,889.0,1.4,2.7,4.0,2023-24,3510600.0,MIA
DaQuan Jeffries,SG,26.0,17.0,46.0,6.0,17.0,0.353,2.0,10.0,0.2,4.0,7.0,0.571,0.0,2.0,0.0,0.0,5.0,5.0,5.0,0.0,1.0,3.0,2.0,14.0,-0.1,0.0,-0.1,2023-24,1324828.0,NYK
DaQuan Jeffries,SG,26.0,17.0,46.0,6.0,17.0,0.353,2.0,10.0,0.2,4.0,7.0,0.571,0.0,2.0,0.0,0.0,5.0,5.0,5.0,0.0,1.0,3.0,2.0,14.0,-0.1,0.0,-0.1,2023-24,1324828.0,NYK
DaQuan Jeffries,SG,26.0,17.0,46.0,6.0,17.0,0.353,2.0,10.0,0.2,4.0,7.0,0.571,0.0,2.0,0.0,0.0,5.0,5.0,5.0,0.0,1.0,3.0,2.0,14.0,-0.1,0.0,-0.1,2023-24,1324828.0,NYK
DaQuan Jeffries,SG,26.0,17.0,46.0,6.0,17.0,0.353,2.0,10.0,0.2,4.0,7.0,0.571,0.0,2.0,0.0,0.0,5.0,5.0,5.0,0.0,1.0,3.0,2.0,14.0,-0.1,0.0,-0.1,2023-24,1324828.0,NYK
Trey Jemison,C,24.0,25.0,573.0,75.0,136.0,0.551,0.0,0.0,0.0,75.0,136.0,0.551,21.0,25.0,0.84,64.0,70.0,134.0,27.0,12.0,28.0,34.0,69.0,171.0,0.3,0.6,0.9,2023-24,5767501.75,WAS
Trey Jemison,C,24.0,25.0,573.0,75.0,136.0,0.551,0.0,0.0,0.0,75.0,136.0,0.551,21.0,25.0,0.84,64.0,70.0,134.0,27.0,12.0,28.0,34.0,69.0,171.0,0.3,0.6,0.9,2023-24,5767501.75,MEM
Ty Jerome,SG,26.0,2.0,15.0,2.0,4.0,0.5,0.0,1.0,0.0,2.0,3.0,0.667,0.0,0.0,0.0,1.0,0.0,1.0,3.0,0.0,0.0,1.0,2.0,4.0,0.0,0.0,0.0,2023-24,2439025.0,CLE
Isaiah Joe,SG,24.0,78.0,1445.0,222.0,485.0,0.458,147.0,353.0,0.416,75.0,132.0,0.568,45.0,52.0,0.865,32.0,148.0,180.0,99.0,46.0,22.0,47.0,87.0,636.0,1.9,1.6,3.5,2023-24,1997238.0,OKC
Cameron Johnson,PF,27.0,58.0,1599.0,276.0,619.0,0.446,138.0,353.0,0.391,138.0,266.0,0.519,86.0,109.0,0.789,55.0,196.0,251.0,138.0,49.0,15.0,57.0,105.0,776.0,2.0,1.3,3.3,2023-24,25679348.0,BRK
Jalen Johnson,SF,22.0,56.0,1889.0,359.0,702.0,0.511,71.0,200.0,0.355,288.0,502.0,0.574,107.0,147.0,0.728,74.0,414.0,488.0,203.0,67.0,47.0,101.0,133.0,896.0,2.1,1.7,3.8,2023-24,2925360.0,ATL
James Johnson,PF,36.0,9.0,47.0,3.0,10.0,0.3,0.0,2.0,0.0,3.0,8.0,0.375,2.0,2.0,1.0,1.0,3.0,4.0,8.0,5.0,1.0,5.0,9.0,8.0,-0.1,0.1,0.0,2023-24,777703.0,IND
James Johnson,PF,36.0,9.0,47.0,3.0,10.0,0.3,0.0,2.0,0.0,3.0,8.0,0.375,2.0,2.0,1.0,1.0,3.0,4.0,8.0,5.0,1.0,5.0,9.0,8.0,-0.1,0.1,0.0,2023-24,777703.0,IND
James Johnson,PF,36.0,9.0,47.0,3.0,10.0,0.3,0.0,2.0,0.0,3.0,8.0,0.375,2.0,2.0,1.0,1.0,3.0,4.0,8.0,5.0,1.0,5.0,9.0,8.0,-0.1,0.1,0.0,2023-24,777703.0,IND
James Johnson,PF,36.0,9.0,47.0,3.0,10.0,0.3,0.0,2.0,0.0,3.0,8.0,0.375,2.0,2.0,1.0,1.0,3.0,4.0,8.0,5.0,1.0,5.0,9.0,8.0,-0.1,0.1,0.0,2023-24,777703.0,IND
Keldon Johnson,SF,24.0,69.0,2038.0,391.0,862.0,0.454,127.0,367.0,0.346,264.0,495.0,0.533,175.0,221.0,0.792,95.0,282.0,377.0,195.0,51.0,20.0,100.0,149.0,1084.0,1.5,1.5,3.0,2023-24,20000000.0,SAS
Keon Johnson,SG,21.0,5.0,61.0,8.0,21.0,0.381,4.0,10.0,0.4,4.0,11.0,0.364,11.0,12.0,0.917,3.0,4.0,7.0,3.0,3.0,1.0,5.0,5.0,31.0,0.0,0.1,0.1,2023-24,2808720.0,PHO
Nikola Jokić,C,28.0,79.0,2737.0,822.0,1411.0,0.583,83.0,231.0,0.359,739.0,1180.0,0.626,358.0,438.0,0.817,223.0,753.0,976.0,708.0,108.0,68.0,237.0,194.0,2085.0,12.0,5.1,17.0,2023-24,47607350.0,DEN
Colby Jones,SG,21.0,30.0,192.0,28.0,71.0,0.394,2.0,22.0,0.091,26.0,49.0,0.531,6.0,11.0,0.545,17.0,23.0,40.0,20.0,7.0,5.0,10.0,29.0,64.0,-0.2,0.2,0.0,2023-24,2019706.0,SAC
Damian Jones,C,28.0,39.0,270.0,43.0,72.0,0.597,3.0,14.0,0.214,40.0,58.0,0.69,18.0,21.0,0.857,20.0,42.0,62.0,15.0,7.0,13.0,13.0,27.0,107.0,0.4,0.4,0.8,2023-24,2586665.0,CLE
Derrick Jones Jr.,SF,26.0,76.0,1783.0,239.0,495.0,0.483,82.0,239.0,0.343,157.0,256.0,0.613,97.0,136.0,0.713,82.0,168.0,250.0,75.0,53.0,51.0,65.0,121.0,657.0,1.5,1.6,3.1,2023-24,5379706.0,CHI
Derrick Jones Jr.,SF,26.0,76.0,1783.0,239.0,495.0,0.483,82.0,239.0,0.343,157.0,256.0,0.613,97.0,136.0,0.713,82.0,168.0,250.0,75.0,53.0,51.0,65.0,121.0,657.0,1.5,1.6,3.1,2023-24,5379706.0,DAL
Herbert Jones,SF,25.0,76.0,2321.0,293.0,588.0,0.498,114.0,273.0,0.418,179.0,315.0,0.568,137.0,158.0,0.867,74.0,198.0,272.0,199.0,105.0,62.0,93.0,224.0,837.0,3.3,3.0,6.3,2023-24,12015150.0,NOP
Tre Jones,PG,24.0,77.0,2138.0,303.0,600.0,0.505,64.0,191.0,0.335,239.0,409.0,0.584,101.0,118.0,0.856,58.0,231.0,289.0,478.0,78.0,9.0,116.0,92.0,771.0,3.4,1.6,4.9,2023-24,9895833.0,SAS
Tyus Jones,PG,27.0,66.0,1933.0,326.0,666.0,0.489,106.0,256.0,0.414,220.0,410.0,0.537,32.0,40.0,0.8,20.0,159.0,179.0,485.0,71.0,18.0,66.0,48.0,790.0,3.9,0.7,4.5,2023-24,14000000.0,WAS
DeAndre Jordan,C,35.0,36.0,396.0,58.0,93.0,0.624,0.0,0.0,0.0,58.0,93.0,0.624,26.0,53.0,0.491,54.0,103.0,157.0,26.0,6.0,16.0,23.0,56.0,142.0,0.6,0.6,1.2,2023-24,2019706.0,DEN
Cory Joseph,PG,32.0,26.0,296.0,23.0,64.0,0.359,13.0,42.0,0.31,10.0,22.0,0.455,4.0,7.0,0.571,6.0,24.0,30.0,42.0,4.0,3.0,12.0,25.0,63.0,0.0,0.2,0.2,2023-24,2019706.0,IND
Nikola Jović,PF,20.0,46.0,896.0,127.0,281.0,0.452,65.0,163.0,0.399,62.0,118.0,0.525,33.0,47.0,0.702,25.0,167.0,192.0,90.0,25.0,14.0,42.0,82.0,352.0,0.6,1.3,1.9,2023-24,2352000.0,MIA
Luke Kennard,SG,27.0,39.0,999.0,141.0,315.0,0.448,107.0,238.0,0.45,34.0,77.0,0.442,40.0,45.0,0.889,11.0,102.0,113.0,136.0,20.0,2.0,54.0,39.0,429.0,1.4,0.7,2.1,2023-24,14763636.0,MEM
Walker Kessler,C,22.0,64.0,1493.0,229.0,350.0,0.654,4.0,19.0,0.211,225.0,331.0,0.68,56.0,93.0,0.602,165.0,316.0,481.0,60.0,30.0,154.0,66.0,132.0,518.0,2.4,1.7,4.1,2023-24,2831160.0,UTA
Corey Kispert,SF,24.0,80.0,2067.0,386.0,794.0,0.486,184.0,480.0,0.383,202.0,314.0,0.643,114.0,157.0,0.726,30.0,195.0,225.0,156.0,41.0,16.0,98.0,141.0,1070.0,1.7,0.4,2.1,2023-24,3722040.0,WAS
Maxi Kleber,C,32.0,43.0,871.0,63.0,146.0,0.432,32.0,92.0,0.348,31.0,54.0,0.574,33.0,47.0,0.702,30.0,113.0,143.0,68.0,17.0,30.0,28.0,79.0,191.0,0.6,0.8,1.4,2023-24,11000000.0,DAL
Kevin Knox,SF,24.0,31.0,560.0,86.0,186.0,0.462,31.0,94.0,0.33,55.0,92.0,0.598,20.0,22.0,0.909,18.0,57.0,75.0,23.0,13.0,7.0,22.0,50.0,223.0,0.1,0.2,0.4,2023-24,1845593.0,UTA
John Konchar,SF,27.0,55.0,1173.0,88.0,208.0,0.423,38.0,120.0,0.317,50.0,88.0,0.568,21.0,25.0,0.84,72.0,185.0,257.0,110.0,51.0,51.0,46.0,76.0,235.0,0.5,1.7,2.2,2023-24,2400000.0,MEM
Furkan Korkmaz,SG,26.0,35.0,300.0,30.0,76.0,0.395,14.0,40.0,0.35,16.0,36.0,0.444,14.0,20.0,0.7,4.0,26.0,30.0,25.0,14.0,3.0,10.0,17.0,88.0,0.0,0.3,0.4,2023-24,5370370.0,IND
Luke Kornet,C,28.0,63.0,983.0,142.0,203.0,0.7,1.0,1.0,1.0,141.0,202.0,0.698,49.0,54.0,0.907,118.0,143.0,261.0,67.0,23.0,61.0,21.0,77.0,334.0,3.5,1.6,5.1,2023-24,2413304.0,BOS
Jonathan Kuminga,PF,21.0,74.0,1949.0,456.0,862.0,0.529,53.0,165.0,0.321,403.0,697.0,0.578,223.0,299.0,0.746,92.0,263.0,355.0,163.0,55.0,36.0,122.0,169.0,1188.0,2.7,1.9,4.6,2023-24,6012840.0,GSW
Kyle Kuzma,PF,28.0,70.0,2281.0,608.0,1313.0,0.463,151.0,450.0,0.336,457.0,863.0,0.53,186.0,240.0,0.775,62.0,402.0,464.0,296.0,37.0,49.0,192.0,153.0,1553.0,-1.0,1.1,0.2,2023-24,25568182.0,WAS
Jock Landale,C,28.0,56.0,763.0,106.0,206.0,0.515,10.0,40.0,0.25,96.0,166.0,0.578,52.0,65.0,0.8,88.0,84.0,172.0,65.0,20.0,33.0,31.0,74.0,274.0,1.4,0.9,2.3,2023-24,8000000.0,HOU
Jake LaRavia,PF,22.0,35.0,806.0,118.0,303.0,0.389,53.0,156.0,0.34,65.0,147.0,0.442,90.0,109.0,0.826,51.0,77.0,128.0,58.0,29.0,12.0,45.0,69.0,379.0,0.3,0.8,1.0,2023-24,3199920.0,MEM
Zach LaVine,SG,28.0,25.0,872.0,170.0,376.0,0.452,59.0,169.0,0.349,111.0,207.0,0.536,88.0,103.0,0.854,8.0,121.0,129.0,98.0,21.0,8.0,52.0,57.0,487.0,0.8,0.6,1.5,2023-24,40064220.0,CHI
A.J. Lawson,SG,23.0,42.0,311.0,54.0,121.0,0.446,13.0,50.0,0.26,41.0,71.0,0.577,15.0,23.0,0.652,14.0,36.0,50.0,20.0,10.0,3.0,14.0,22.0,136.0,0.0,0.3,0.2,2023-24,1000000.0,DAL
Alex Len,C,30.0,48.0,444.0,50.0,81.0,0.617,0.0,3.0,0.0,50.0,78.0,0.641,20.0,34.0,0.588,46.0,82.0,128.0,50.0,11.0,33.0,27.0,66.0,120.0,0.6,0.7,1.3,2023-24,2019706.0,SAC
Kawhi Leonard,SF,32.0,68.0,2330.0,610.0,1162.0,0.525,140.0,336.0,0.417,470.0,826.0,0.569,253.0,286.0,0.885,84.0,332.0,416.0,244.0,111.0,59.0,119.0,97.0,1613.0,6.0,2.9,8.9,2023-24,45640084.0,LAC
Caris LeVert,SG,29.0,68.0,1958.0,345.0,820.0,0.421,108.0,332.0,0.325,237.0,488.0,0.486,154.0,201.0,0.766,39.0,241.0,280.0,346.0,76.0,34.0,117.0,121.0,952.0,1.0,2.6,3.6,2023-24,15384616.0,CLE
Kira Lewis Jr.,PG,22.0,28.0,265.0,34.0,92.0,0.37,4.0,33.0,0.121,30.0,59.0,0.508,17.0,20.0,0.85,9.0,17.0,26.0,37.0,9.0,2.0,14.0,13.0,89.0,-0.2,0.2,0.0,2023-24,5722116.0,UTA
Maxwell Lewis,SF,21.0,34.0,103.0,4.0,21.0,0.19,1.0,9.0,0.111,3.0,12.0,0.25,2.0,3.0,0.667,2.0,2.0,4.0,6.0,2.0,1.0,10.0,5.0,11.0,-0.5,0.0,-0.4,2023-24,1119563.0,LAL
E.J. Liddell,PF,23.0,8.0,23.0,1.0,6.0,0.167,0.0,5.0,0.0,1.0,1.0,1.0,2.0,2.0,1.0,0.0,5.0,5.0,1.0,2.0,2.0,2.0,2.0,4.0,-0.1,0.1,0.0,2023-24,1801769.0,NOP
Damian Lillard,PG,33.0,73.0,2579.0,541.0,1277.0,0.424,220.0,622.0,0.354,321.0,655.0,0.49,473.0,514.0,0.92,36.0,284.0,320.0,508.0,72.0,18.0,193.0,134.0,1775.0,5.8,1.9,7.7,2023-24,45640084.0,MIL
Nassir Little,SF,23.0,45.0,458.0,57.0,124.0,0.46,21.0,70.0,0.3,36.0,54.0,0.667,17.0,20.0,0.85,14.0,61.0,75.0,21.0,10.0,10.0,14.0,39.0,152.0,0.3,0.4,0.7,2023-24,6250000.0,PHO
Dereck Lively II,C,19.0,55.0,1294.0,221.0,296.0,0.747,0.0,2.0,0.0,221.0,294.0,0.752,41.0,81.0,0.506,135.0,243.0,378.0,60.0,36.0,77.0,50.0,144.0,483.0,3.1,1.8,4.9,2023-24,4775640.0,DAL
Isaiah Livers,PF,25.0,23.0,469.0,40.0,116.0,0.345,22.0,77.0,0.286,18.0,39.0,0.462,12.0,18.0,0.667,15.0,33.0,48.0,25.0,13.0,5.0,16.0,43.0,114.0,-0.3,0.2,-0.1,2023-24,1836096.0,WAS
Chris Livingston,SF,20.0,21.0,90.0,11.0,22.0,0.5,1.0,5.0,0.2,10.0,17.0,0.588,3.0,4.0,0.75,3.0,18.0,21.0,5.0,2.0,0.0,5.0,15.0,26.0,0.0,0.1,0.1,2023-24,1119563.0,MIL
Kenneth Lofton Jr.,PF,21.0,21.0,199.0,36.0,78.0,0.462,7.0,24.0,0.292,29.0,54.0,0.537,17.0,26.0,0.654,12.0,26.0,38.0,33.0,6.0,5.0,14.0,24.0,96.0,0.1,0.2,0.3,2023-24,500000.0,MEM
Kenneth Lofton Jr.,PF,21.0,21.0,199.0,36.0,78.0,0.462,7.0,24.0,0.292,29.0,54.0,0.537,17.0,26.0,0.654,12.0,26.0,38.0,33.0,6.0,5.0,14.0,24.0,96.0,0.1,0.2,0.3,2023-24,500000.0,UTA
Kevon Looney,C,27.0,74.0,1195.0,139.0,233.0,0.597,0.0,1.0,0.0,139.0,232.0,0.599,56.0,83.0,0.675,143.0,276.0,419.0,133.0,28.0,29.0,50.0,155.0,334.0,2.5,1.6,4.0,2023-24,7500000.0,GSW
Brook Lopez,C,35.0,79.0,2411.0,366.0,755.0,0.485,148.0,404.0,0.366,218.0,351.0,0.621,110.0,134.0,0.821,117.0,292.0,409.0,127.0,43.0,189.0,79.0,191.0,990.0,3.1,2.8,5.9,2023-24,25000000.0,MIL
Robin Lopez,C,35.0,16.0,65.0,7.0,19.0,0.368,2.0,8.0,0.25,5.0,11.0,0.455,2.0,2.0,1.0,3.0,2.0,5.0,4.0,1.0,3.0,2.0,7.0,18.0,0.0,0.0,0.0,2023-24,2019706.0,SAC
Kevin Love,PF,35.0,55.0,924.0,158.0,359.0,0.44,84.0,244.0,0.344,74.0,115.0,0.643,85.0,108.0,0.787,59.0,279.0,338.0,115.0,18.0,10.0,48.0,97.0,485.0,1.7,1.6,3.3,2023-24,3835738.0,MIA
Kyle Lowry,PG,37.0,60.0,1690.0,163.0,377.0,0.432,98.0,250.0,0.392,65.0,127.0,0.512,63.0,75.0,0.84,34.0,160.0,194.0,253.0,59.0,21.0,85.0,146.0,487.0,1.6,1.9,3.5,2023-24,32478379.0,CHO
Kyle Lowry,PG,37.0,60.0,1690.0,163.0,377.0,0.432,98.0,250.0,0.392,65.0,127.0,0.512,63.0,75.0,0.84,34.0,160.0,194.0,253.0,59.0,21.0,85.0,146.0,487.0,1.6,1.9,3.5,2023-24,32478379.0,PHI
Trey Lyles,PF,28.0,58.0,1158.0,143.0,321.0,0.445,84.0,219.0,0.384,59.0,102.0,0.578,49.0,70.0,0.7,61.0,196.0,257.0,72.0,17.0,19.0,38.0,86.0,419.0,1.3,1.0,2.4,2023-24,8000000.0,SAC
Sandro Mamukelashvili,C,24.0,46.0,451.0,73.0,155.0,0.471,19.0,64.0,0.297,54.0,91.0,0.593,25.0,34.0,0.735,45.0,102.0,147.0,49.0,7.0,12.0,19.0,35.0,190.0,0.6,0.4,1.0,2023-24,2019706.0,SAS
Terance Mann,SG,27.0,75.0,1873.0,254.0,493.0,0.515,71.0,204.0,0.348,183.0,289.0,0.633,79.0,95.0,0.832,87.0,167.0,254.0,119.0,43.0,15.0,48.0,145.0,658.0,3.0,1.2,4.2,2023-24,10576923.0,LAC
Tre Mann,PG,22.0,41.0,987.0,145.0,316.0,0.459,47.0,126.0,0.373,98.0,190.0,0.516,45.0,59.0,0.763,20.0,129.0,149.0,165.0,51.0,3.0,65.0,48.0,382.0,0.4,0.8,1.2,2023-24,3191400.0,CHO
Boban Marjanović,C,35.0,14.0,71.0,18.0,34.0,0.529,0.0,2.0,0.0,18.0,32.0,0.563,9.0,14.0,0.643,7.0,25.0,32.0,6.0,1.0,2.0,5.0,5.0,45.0,0.1,0.1,0.2,2023-24,2019706.0,HOU
Lauri Markkanen,PF,26.0,55.0,1820.0,427.0,890.0,0.48,175.0,439.0,0.399,252.0,451.0,0.559,249.0,277.0,0.899,122.0,327.0,449.0,110.0,50.0,26.0,77.0,100.0,1278.0,5.2,0.9,6.2,2023-24,17259999.0,UTA
Naji Marshall,SF,26.0,66.0,1257.0,170.0,367.0,0.463,58.0,150.0,0.387,112.0,217.0,0.516,68.0,86.0,0.791,53.0,187.0,240.0,128.0,49.0,12.0,65.0,91.0,466.0,1.0,1.6,2.6,2023-24,1930681.0,NOP
Caleb Martin,SF,28.0,64.0,1756.0,241.0,559.0,0.431,81.0,232.0,0.349,160.0,327.0,0.489,77.0,99.0,0.778,74.0,207.0,281.0,143.0,47.0,29.0,77.0,126.0,640.0,0.2,2.2,2.4,2023-24,6802950.0,MIA
Cody Martin,SF,28.0,28.0,753.0,82.0,215.0,0.381,27.0,86.0,0.314,55.0,129.0,0.426,20.0,33.0,0.606,19.0,90.0,109.0,104.0,32.0,18.0,44.0,48.0,211.0,-0.7,0.5,-0.2,2023-24,7560000.0,CHO
KJ Martin,SF,23.0,60.0,746.0,97.0,181.0,0.536,8.0,28.0,0.286,89.0,153.0,0.582,22.0,41.0,0.537,41.0,90.0,131.0,51.0,22.0,12.0,32.0,100.0,224.0,0.3,0.8,1.1,2023-24,1930681.0,PHI
Garrison Mathews,SG,27.0,66.0,992.0,103.0,226.0,0.456,85.0,193.0,0.44,18.0,33.0,0.545,34.0,42.0,0.81,17.0,75.0,92.0,37.0,20.0,8.0,19.0,115.0,325.0,1.4,0.2,1.6,2023-24,2000000.0,ATL
Bennedict Mathurin,SF,21.0,59.0,1538.0,296.0,663.0,0.446,80.0,214.0,0.374,216.0,449.0,0.481,184.0,224.0,0.821,60.0,174.0,234.0,119.0,35.0,14.0,97.0,117.0,856.0,0.8,0.7,1.4,2023-24,6916080.0,IND
Wesley Matthews,SG,37.0,36.0,413.0,34.0,97.0,0.351,24.0,69.0,0.348,10.0,28.0,0.357,18.0,24.0,0.75,9.0,44.0,53.0,23.0,16.0,11.0,8.0,43.0,110.0,0.2,0.3,0.4,2023-24,2019706.0,ATL
Tyrese Maxey,PG,23.0,70.0,2626.0,638.0,1419.0,0.45,212.0,569.0,0.373,426.0,850.0,0.501,328.0,378.0,0.868,36.0,222.0,258.0,433.0,69.0,33.0,116.0,151.0,1816.0,5.9,2.1,8.1,2023-24,4343920.0,PHI
Skylar Mays,PG,26.0,38.0,433.0,63.0,159.0,0.396,16.0,54.0,0.296,47.0,105.0,0.448,13.0,17.0,0.765,10.0,33.0,43.0,85.0,21.0,4.0,20.0,26.0,155.0,0.1,0.3,0.4,2023-24,1799163.0,POR
Miles McBride,PG,23.0,68.0,1328.0,205.0,454.0,0.452,109.0,266.0,0.41,96.0,188.0,0.511,43.0,50.0,0.86,31.0,69.0,100.0,114.0,50.0,7.0,30.0,108.0,562.0,2.4,1.3,3.6,2023-24,1836096.0,NYK
CJ McCollum,PG,32.0,66.0,2159.0,484.0,1055.0,0.459,239.0,557.0,0.429,245.0,498.0,0.492,115.0,139.0,0.827,39.0,247.0,286.0,305.0,62.0,41.0,110.0,126.0,1322.0,3.5,2.4,5.9,2023-24,35802469.0,NOP
T.J. McConnell,PG,31.0,71.0,1291.0,330.0,593.0,0.556,18.0,44.0,0.409,312.0,549.0,0.568,49.0,62.0,0.79,36.0,155.0,191.0,390.0,72.0,8.0,108.0,79.0,727.0,2.8,1.1,3.9,2023-24,8700000.0,IND
Jaden McDaniels,SF,23.0,72.0,2105.0,307.0,628.0,0.489,86.0,255.0,0.337,221.0,373.0,0.592,57.0,79.0,0.722,56.0,168.0,224.0,101.0,63.0,42.0,87.0,219.0,757.0,0.3,3.1,3.4,2023-24,3901399.0,MIN
Jalen McDaniels,SF,26.0,50.0,538.0,65.0,189.0,0.344,12.0,71.0,0.169,53.0,118.0,0.449,27.0,37.0,0.73,18.0,61.0,79.0,37.0,19.0,6.0,30.0,52.0,169.0,-1.1,0.3,-0.8,2023-24,4516000.0,TOR
Doug McDermott,SF,32.0,64.0,904.0,123.0,284.0,0.433,94.0,229.0,0.41,29.0,55.0,0.527,11.0,19.0,0.579,10.0,49.0,59.0,70.0,16.0,2.0,28.0,64.0,351.0,0.6,0.3,0.9,2023-24,13750000.0,IND
JaVale McGee,C,36.0,46.0,339.0,79.0,132.0,0.598,1.0,7.0,0.143,78.0,125.0,0.624,26.0,45.0,0.578,42.0,84.0,126.0,17.0,14.0,20.0,34.0,46.0,185.0,0.1,0.6,0.7,2023-24,4368030.0,DAL
JaVale McGee,C,36.0,46.0,339.0,79.0,132.0,0.598,1.0,7.0,0.143,78.0,125.0,0.624,26.0,45.0,0.578,42.0,84.0,126.0,17.0,14.0,20.0,34.0,46.0,185.0,0.1,0.6,0.7,2023-24,4368030.0,SAC
Bryce McGowens,SG,21.0,59.0,882.0,101.0,230.0,0.439,34.0,102.0,0.333,67.0,128.0,0.523,66.0,85.0,0.776,17.0,85.0,102.0,51.0,21.0,10.0,30.0,74.0,302.0,0.4,0.3,0.6,2023-24,1719864.0,CHO
Jordan McLaughlin,PG,27.0,56.0,626.0,70.0,145.0,0.483,42.0,89.0,0.472,28.0,56.0,0.5,13.0,18.0,0.722,18.0,54.0,72.0,110.0,35.0,7.0,19.0,31.0,195.0,1.4,1.1,2.5,2023-24,2320000.0,MIN
De'Anthony Melton,SG,25.0,38.0,1023.0,139.0,360.0,0.386,77.0,214.0,0.36,62.0,146.0,0.425,66.0,79.0,0.835,28.0,113.0,141.0,114.0,60.0,16.0,39.0,84.0,421.0,0.8,1.4,2.1,2023-24,8000000.0,PHI
Sam Merrill,SG,27.0,61.0,1069.0,158.0,393.0,0.402,143.0,354.0,0.404,15.0,39.0,0.385,26.0,28.0,0.929,22.0,98.0,120.0,108.0,19.0,4.0,19.0,72.0,485.0,1.9,0.9,2.8,2023-24,1997238.0,CLE
Chimezie Metu,C,26.0,51.0,859.0,123.0,244.0,0.504,28.0,94.0,0.298,95.0,150.0,0.633,58.0,64.0,0.906,41.0,153.0,194.0,46.0,43.0,16.0,52.0,71.0,332.0,0.5,1.1,1.5,2023-24,2351562.0,MEM
Chimezie Metu,C,26.0,51.0,859.0,123.0,244.0,0.504,28.0,94.0,0.298,95.0,150.0,0.633,58.0,64.0,0.906,41.0,153.0,194.0,46.0,43.0,16.0,52.0,71.0,332.0,0.5,1.1,1.5,2023-24,2351562.0,DET
Chimezie Metu,C,26.0,51.0,859.0,123.0,244.0,0.504,28.0,94.0,0.298,95.0,150.0,0.633,58.0,64.0,0.906,41.0,153.0,194.0,46.0,43.0,16.0,52.0,71.0,332.0,0.5,1.1,1.5,2023-24,2351562.0,DET
Vasilije Micić,PG,30.0,60.0,1176.0,159.0,370.0,0.43,43.0,154.0,0.279,116.0,216.0,0.537,61.0,75.0,0.813,14.0,74.0,88.0,262.0,31.0,7.0,99.0,68.0,422.0,-0.1,0.4,0.4,2023-24,7723000.0,CHO
Khris Middleton,SF,32.0,55.0,1487.0,317.0,643.0,0.493,94.0,247.0,0.381,223.0,396.0,0.563,100.0,120.0,0.833,40.0,217.0,257.0,292.0,51.0,15.0,127.0,141.0,828.0,1.9,1.4,3.4,2023-24,29320988.0,MIL
Brandon Miller,SF,21.0,74.0,2383.0,476.0,1083.0,0.44,184.0,493.0,0.373,292.0,590.0,0.495,143.0,173.0,0.827,60.0,255.0,315.0,175.0,66.0,42.0,132.0,184.0,1279.0,-0.3,1.0,0.8,2023-24,10880400.0,CHO
Leonard Miller,SF,20.0,17.0,52.0,13.0,20.0,0.65,2.0,5.0,0.4,11.0,15.0,0.733,1.0,2.0,0.5,5.0,15.0,20.0,8.0,2.0,1.0,1.0,5.0,29.0,0.2,0.1,0.3,2023-24,1800000.0,MIN
Dariq Whitehead,SF,19.0,2.0,24.0,1.0,5.0,0.2,0.0,3.0,0.0,1.0,2.0,0.5,1.0,2.0,0.5,0.0,4.0,4.0,3.0,0.0,1.0,0.0,0.0,3.0,0.0,0.0,0.0,2023-24,2966040.0,BRK
Patty Mills,PG,35.0,32.0,415.0,46.0,131.0,0.351,24.0,87.0,0.276,22.0,44.0,0.5,11.0,11.0,1.0,9.0,26.0,35.0,34.0,20.0,1.0,16.0,32.0,127.0,-0.3,0.4,0.1,2023-24,7267250.0,ATL
Patty Mills,PG,35.0,32.0,415.0,46.0,131.0,0.351,24.0,87.0,0.276,22.0,44.0,0.5,11.0,11.0,1.0,9.0,26.0,35.0,34.0,20.0,1.0,16.0,32.0,127.0,-0.3,0.4,0.1,2023-24,7267250.0,MIA
Shake Milton,SG,27.0,48.0,581.0,79.0,195.0,0.405,18.0,64.0,0.281,61.0,131.0,0.466,40.0,49.0,0.816,14.0,61.0,75.0,60.0,19.0,6.0,31.0,54.0,216.0,-0.2,0.8,0.6,2023-24,5475908.0,DET
Shake Milton,SG,27.0,48.0,581.0,79.0,195.0,0.405,18.0,64.0,0.281,61.0,131.0,0.466,40.0,49.0,0.816,14.0,61.0,75.0,60.0,19.0,6.0,31.0,54.0,216.0,-0.2,0.8,0.6,2023-24,5475908.0,NYK
Josh Minott,SF,21.0,32.0,91.0,17.0,36.0,0.472,4.0,10.0,0.4,13.0,26.0,0.5,12.0,14.0,0.857,4.0,13.0,17.0,8.0,5.0,5.0,2.0,10.0,50.0,0.2,0.2,0.4,2023-24,1719864.0,MIN
Davion Mitchell,PG,25.0,72.0,1101.0,146.0,323.0,0.452,57.0,158.0,0.361,89.0,165.0,0.539,30.0,42.0,0.714,19.0,76.0,95.0,134.0,17.0,3.0,43.0,85.0,379.0,0.8,0.6,1.3,2023-24,5063640.0,SAC
Donovan Mitchell,SG,27.0,55.0,1942.0,503.0,1089.0,0.462,182.0,494.0,0.368,321.0,595.0,0.539,275.0,318.0,0.865,46.0,234.0,280.0,333.0,101.0,30.0,154.0,118.0,1463.0,3.6,2.9,6.4,2023-24,33162030.0,CLE
Evan Mobley,PF,22.0,50.0,1532.0,320.0,552.0,0.58,22.0,59.0,0.373,298.0,493.0,0.604,123.0,171.0,0.719,111.0,357.0,468.0,160.0,45.0,72.0,90.0,134.0,785.0,2.8,2.7,5.5,2023-24,8882640.0,CLE
Malik Monk,SG,25.0,72.0,1872.0,396.0,893.0,0.443,148.0,423.0,0.35,248.0,470.0,0.528,170.0,205.0,0.829,28.0,184.0,212.0,370.0,45.0,39.0,150.0,156.0,1110.0,1.9,1.6,3.5,2023-24,9945830.0,SAC
Moses Moody,SG,21.0,66.0,1156.0,194.0,420.0,0.462,72.0,200.0,0.36,122.0,220.0,0.555,73.0,93.0,0.785,65.0,131.0,196.0,57.0,42.0,24.0,44.0,90.0,533.0,1.2,1.2,2.4,2023-24,3918480.0,GSW
Taze Moore,SG,25.0,4.0,40.0,8.0,19.0,0.421,1.0,7.0,0.143,7.0,12.0,0.583,1.0,2.0,0.5,4.0,4.0,8.0,5.0,2.0,0.0,3.0,4.0,18.0,0.0,0.0,0.0,2023-24,64343.0,POR
Wendell Moore Jr.,SG,22.0,25.0,75.0,9.0,18.0,0.5,0.0,6.0,0.0,9.0,12.0,0.75,0.0,0.0,0.0,0.0,12.0,12.0,6.0,5.0,1.0,4.0,5.0,18.0,-0.1,0.2,0.1,2023-24,2421720.0,MIN
Ja Morant,PG,24.0,9.0,318.0,80.0,170.0,0.471,14.0,51.0,0.275,66.0,119.0,0.555,52.0,64.0,0.813,6.0,44.0,50.0,73.0,7.0,5.0,27.0,19.0,226.0,0.5,0.3,0.8,2023-24,34005250.0,MEM
Marcus Morris,PF,34.0,49.0,817.0,116.0,264.0,0.439,48.0,119.0,0.403,68.0,145.0,0.469,36.0,44.0,0.818,23.0,111.0,134.0,36.0,15.0,13.0,30.0,74.0,316.0,0.2,0.8,1.0,2023-24,17429682.0,SAS
Marcus Morris,PF,34.0,49.0,817.0,116.0,264.0,0.439,48.0,119.0,0.403,68.0,145.0,0.469,36.0,44.0,0.818,23.0,111.0,134.0,36.0,15.0,13.0,30.0,74.0,316.0,0.2,0.8,1.0,2023-24,17429682.0,CLE
Marcus Morris,PF,34.0,49.0,817.0,116.0,264.0,0.439,48.0,119.0,0.403,68.0,145.0,0.469,36.0,44.0,0.818,23.0,111.0,134.0,36.0,15.0,13.0,30.0,74.0,316.0,0.2,0.8,1.0,2023-24,17429682.0,CLE
Markieff Morris,PF,34.0,26.0,216.0,23.0,68.0,0.338,15.0,42.0,0.357,8.0,26.0,0.308,5.0,6.0,0.833,4.0,35.0,39.0,16.0,5.0,3.0,12.0,12.0,66.0,-0.3,0.2,-0.1,2023-24,2019706.0,DAL
Monte Morris,PG,28.0,33.0,476.0,62.0,153.0,0.405,27.0,70.0,0.386,35.0,83.0,0.422,13.0,19.0,0.684,7.0,50.0,57.0,69.0,19.0,9.0,7.0,14.0,164.0,0.5,0.7,1.2,2023-24,9800926.0,MIN
Trey Murphy III,SF,23.0,57.0,1690.0,275.0,621.0,0.443,169.0,445.0,0.38,106.0,176.0,0.602,123.0,151.0,0.815,42.0,238.0,280.0,124.0,51.0,28.0,34.0,70.0,842.0,3.4,2.0,5.4,2023-24,3359280.0,NOP
Dejounte Murray,SG,27.0,78.0,2783.0,672.0,1463.0,0.459,201.0,554.0,0.363,471.0,909.0,0.518,208.0,262.0,0.794,62.0,354.0,416.0,502.0,111.0,24.0,201.0,138.0,1753.0,3.3,1.6,4.9,2023-24,18214000.0,ATL
Jamal Murray,PG,26.0,59.0,1861.0,474.0,986.0,0.481,145.0,341.0,0.425,329.0,645.0,0.51,157.0,184.0,0.853,42.0,200.0,242.0,384.0,57.0,39.0,125.0,104.0,1250.0,3.8,2.1,5.9,2023-24,33833400.0,DEN
Keegan Murray,SF,23.0,77.0,2588.0,443.0,975.0,0.454,183.0,511.0,0.358,260.0,464.0,0.56,103.0,124.0,0.831,106.0,314.0,420.0,129.0,79.0,59.0,64.0,205.0,1172.0,2.6,2.6,5.2,2023-24,8409000.0,SAC
Kris Murray,SF,23.0,62.0,1348.0,145.0,366.0,0.396,49.0,183.0,0.268,96.0,183.0,0.525,37.0,56.0,0.661,85.0,139.0,224.0,80.0,53.0,21.0,55.0,92.0,376.0,-0.4,1.0,0.7,2023-24,2847480.0,POR
Mike Muscala,C,32.0,53.0,600.0,56.0,156.0,0.359,28.0,96.0,0.292,28.0,60.0,0.467,17.0,25.0,0.68,39.0,86.0,125.0,36.0,9.0,13.0,22.0,52.0,157.0,-0.2,0.3,0.1,2023-24,4010730.0,DET
Mike Muscala,C,32.0,53.0,600.0,56.0,156.0,0.359,28.0,96.0,0.292,28.0,60.0,0.467,17.0,25.0,0.68,39.0,86.0,125.0,36.0,9.0,13.0,22.0,52.0,157.0,-0.2,0.3,0.1,2023-24,4010730.0,OKC
Svi Mykhailiuk,SF,26.0,41.0,413.0,57.0,137.0,0.416,42.0,108.0,0.389,15.0,29.0,0.517,6.0,9.0,0.667,11.0,40.0,51.0,35.0,11.0,1.0,12.0,19.0,162.0,0.5,0.4,0.9,2023-24,2019706.0,BOS
Larry Nance Jr.,C,31.0,61.0,1216.0,138.0,241.0,0.573,27.0,65.0,0.415,111.0,176.0,0.631,47.0,61.0,0.77,94.0,213.0,307.0,113.0,61.0,19.0,49.0,98.0,350.0,2.1,1.9,4.1,2023-24,10375000.0,NOP
Pete Nance,PF,23.0,8.0,27.0,1.0,6.0,0.167,1.0,1.0,1.0,0.0,5.0,0.0,0.0,2.0,0.0,0.0,3.0,3.0,0.0,1.0,0.0,1.0,2.0,3.0,-0.1,0.0,-0.1,2023-24,64343.0,CLE
Andrew Nembhard,PG,24.0,68.0,1697.0,260.0,522.0,0.498,61.0,171.0,0.357,199.0,351.0,0.567,45.0,56.0,0.804,36.0,105.0,141.0,280.0,63.0,6.0,101.0,143.0,626.0,1.3,0.7,2.0,2023-24,2131905.0,IND
Aaron Nesmith,SF,24.0,72.0,1995.0,315.0,635.0,0.496,140.0,334.0,0.419,175.0,301.0,0.581,107.0,137.0,0.781,63.0,212.0,275.0,108.0,65.0,49.0,64.0,241.0,877.0,2.8,1.3,4.1,2023-24,5634257.0,IND
Georges Niang,PF,30.0,82.0,1831.0,284.0,632.0,0.449,149.0,396.0,0.376,135.0,236.0,0.572,51.0,60.0,0.85,22.0,256.0,278.0,98.0,30.0,18.0,72.0,192.0,768.0,0.5,2.0,2.4,2023-24,8800000.0,CLE
Zeke Nnaji,PF,23.0,58.0,576.0,69.0,149.0,0.463,6.0,23.0,0.261,63.0,126.0,0.5,42.0,62.0,0.677,61.0,65.0,126.0,32.0,15.0,38.0,27.0,81.0,186.0,0.4,0.8,1.2,2023-24,4306281.0,DEN
Jaylen Nowell,SG,24.0,13.0,214.0,34.0,78.0,0.436,6.0,29.0,0.207,28.0,49.0,0.571,7.0,9.0,0.778,6.0,18.0,24.0,19.0,4.0,2.0,7.0,15.0,81.0,0.0,0.1,0.1,2023-24,1778496.5,MEM
Jaylen Nowell,SG,24.0,13.0,214.0,34.0,78.0,0.436,6.0,29.0,0.207,28.0,49.0,0.571,7.0,9.0,0.778,6.0,18.0,24.0,19.0,4.0,2.0,7.0,15.0,81.0,0.0,0.1,0.1,2023-24,1778496.5,MEM
Frank Ntilikina,PG,25.0,5.0,43.0,1.0,9.0,0.111,1.0,8.0,0.125,0.0,1.0,0.0,2.0,2.0,1.0,1.0,5.0,6.0,4.0,0.0,0.0,1.0,4.0,5.0,-0.1,0.0,-0.1,2023-24,2019706.0,CHO
Jusuf Nurkić,C,29.0,76.0,2078.0,320.0,627.0,0.51,22.0,90.0,0.244,298.0,537.0,0.555,167.0,261.0,0.64,224.0,613.0,837.0,301.0,81.0,80.0,175.0,254.0,829.0,2.0,3.8,5.8,2023-24,16875000.0,PHO
Jordan Nwora,SF,25.0,52.0,712.0,138.0,299.0,0.462,44.0,131.0,0.336,94.0,168.0,0.56,44.0,53.0,0.83,28.0,121.0,149.0,62.0,26.0,13.0,53.0,48.0,364.0,-0.1,0.6,0.5,2023-24,3000000.0,TOR
Royce O'Neale,SF,30.0,79.0,1954.0,214.0,539.0,0.397,156.0,422.0,0.37,58.0,117.0,0.496,24.0,35.0,0.686,60.0,317.0,377.0,219.0,59.0,44.0,73.0,174.0,608.0,1.3,2.1,3.4,2023-24,9500000.0,PHO
Chuma Okeke,SF,25.0,47.0,432.0,40.0,112.0,0.357,23.0,82.0,0.28,17.0,30.0,0.567,4.0,7.0,0.571,18.0,62.0,80.0,20.0,9.0,7.0,16.0,19.0,107.0,-0.3,0.6,0.3,2023-24,5266713.0,ORL
Josh Okogie,SG,25.0,60.0,960.0,86.0,206.0,0.417,29.0,94.0,0.309,57.0,112.0,0.509,76.0,102.0,0.745,74.0,80.0,154.0,64.0,48.0,24.0,36.0,68.0,277.0,1.0,1.1,2.1,2023-24,2815937.0,PHO
Onyeka Okongwu,C,23.0,55.0,1405.0,223.0,365.0,0.611,23.0,69.0,0.333,200.0,296.0,0.676,92.0,116.0,0.793,145.0,231.0,376.0,74.0,26.0,60.0,45.0,162.0,561.0,3.5,1.0,4.5,2023-24,8109063.0,ATL
Isaac Okoro,SF,23.0,69.0,1887.0,235.0,480.0,0.49,84.0,215.0,0.391,151.0,265.0,0.57,93.0,137.0,0.679,67.0,139.0,206.0,132.0,57.0,34.0,54.0,140.0,647.0,2.1,2.0,4.2,2023-24,8920795.0,CLE
Kelly Olynyk,C,32.0,78.0,1759.0,276.0,497.0,0.555,60.0,155.0,0.387,216.0,342.0,0.632,150.0,180.0,0.833,108.0,303.0,411.0,347.0,74.0,30.0,152.0,230.0,762.0,3.5,1.4,4.9,2023-24,12195122.0,TOR
Eugene Omoruyi,SF,26.0,43.0,393.0,81.0,167.0,0.485,13.0,46.0,0.283,68.0,121.0,0.562,32.0,49.0,0.653,35.0,50.0,85.0,35.0,27.0,5.0,21.0,62.0,207.0,0.2,0.4,0.6,2023-24,900000.0,WAS
Cedi Osman,SF,28.0,72.0,1269.0,184.0,384.0,0.479,86.0,221.0,0.389,98.0,163.0,0.601,35.0,52.0,0.673,25.0,155.0,180.0,119.0,36.0,11.0,47.0,107.0,489.0,1.0,0.9,1.9,2023-24,6718842.0,SAS
Kelly Oubre Jr.,SF,28.0,68.0,2055.0,387.0,878.0,0.441,101.0,325.0,0.311,286.0,553.0,0.517,174.0,232.0,0.75,94.0,247.0,341.0,101.0,77.0,47.0,87.0,194.0,1049.0,0.6,2.4,3.0,2023-24,2019706.0,PHI
Chris Paul,PG,38.0,58.0,1531.0,206.0,467.0,0.441,78.0,210.0,0.371,128.0,257.0,0.498,43.0,52.0,0.827,18.0,207.0,225.0,393.0,70.0,6.0,76.0,108.0,533.0,2.6,1.7,4.3,2023-24,30800000.0,GSW
Cameron Payne,PG,29.0,78.0,1304.0,208.0,481.0,0.432,104.0,267.0,0.39,104.0,214.0,0.486,58.0,67.0,0.866,21.0,96.0,117.0,205.0,42.0,11.0,66.0,126.0,578.0,1.4,1.0,2.4,2023-24,8519706.0,SAS
Cameron Payne,PG,29.0,78.0,1304.0,208.0,481.0,0.432,104.0,267.0,0.39,104.0,214.0,0.486,58.0,67.0,0.866,21.0,96.0,117.0,205.0,42.0,11.0,66.0,126.0,578.0,1.4,1.0,2.4,2023-24,8519706.0,PHI
Gary Payton II,SG,31.0,44.0,680.0,103.0,183.0,0.563,20.0,55.0,0.364,83.0,128.0,0.648,14.0,23.0,0.609,46.0,67.0,113.0,48.0,39.0,18.0,27.0,77.0,240.0,0.9,0.9,1.8,2023-24,8715000.0,GSW
Filip Petrušev,C,23.0,3.0,10.0,1.0,2.0,0.5,0.0,0.0,0.0,1.0,2.0,0.5,1.0,2.0,0.5,0.0,1.0,1.0,0.0,0.0,0.0,0.0,1.0,3.0,0.0,0.0,0.0,2023-24,559782.0,SAC
Julian Phillips,SF,20.0,40.0,323.0,32.0,77.0,0.416,12.0,38.0,0.316,20.0,39.0,0.513,13.0,19.0,0.684,12.0,24.0,36.0,13.0,7.0,7.0,10.0,40.0,89.0,0.0,0.2,0.2,2023-24,1600000.0,CHI
Jalen Pickett,SG,24.0,27.0,122.0,15.0,35.0,0.429,9.0,25.0,0.36,6.0,10.0,0.6,3.0,4.0,0.75,1.0,13.0,14.0,21.0,4.0,0.0,9.0,13.0,42.0,0.0,0.1,0.2,2023-24,1708143.0,DEN
Mason Plumlee,C,33.0,46.0,674.0,87.0,153.0,0.569,0.0,6.0,0.0,87.0,147.0,0.592,70.0,99.0,0.707,60.0,174.0,234.0,55.0,14.0,17.0,36.0,68.0,244.0,1.2,0.9,2.0,2023-24,5000000.0,LAC
Brandin Podziemski,SG,20.0,74.0,1968.0,271.0,597.0,0.454,90.0,234.0,0.385,181.0,363.0,0.499,50.0,79.0,0.633,118.0,309.0,427.0,273.0,61.0,14.0,88.0,122.0,682.0,2.1,2.0,4.1,2023-24,3352440.0,GSW
Jakob Poeltl,C,28.0,50.0,1319.0,248.0,378.0,0.656,0.0,0.0,0.0,248.0,378.0,0.656,59.0,107.0,0.551,146.0,283.0,429.0,127.0,35.0,76.0,77.0,149.0,555.0,2.4,1.4,3.8,2023-24,19500000.0,TOR
Aleksej Pokusevski,PF,22.0,28.0,405.0,49.0,121.0,0.405,18.0,55.0,0.327,31.0,66.0,0.47,30.0,41.0,0.732,17.0,72.0,89.0,35.0,15.0,13.0,19.0,22.0,146.0,0.0,0.4,0.4,2023-24,5574809.0,OKC
Aleksej Pokusevski,PF,22.0,28.0,405.0,49.0,121.0,0.405,18.0,55.0,0.327,31.0,66.0,0.47,30.0,41.0,0.732,17.0,72.0,89.0,35.0,15.0,13.0,19.0,22.0,146.0,0.0,0.4,0.4,2023-24,5574809.0,CHO
Jordan Poole,SG,24.0,78.0,2346.0,490.0,1186.0,0.413,184.0,564.0,0.326,306.0,622.0,0.492,192.0,219.0,0.877,32.0,180.0,212.0,343.0,86.0,25.0,188.0,244.0,1356.0,-1.5,0.8,-0.6,2023-24,27455357.0,WAS
Craig Porter Jr.,PG,23.0,51.0,649.0,116.0,228.0,0.509,12.0,34.0,0.353,104.0,194.0,0.536,41.0,56.0,0.732,21.0,88.0,109.0,118.0,21.0,15.0,45.0,40.0,285.0,0.6,0.9,1.5,2023-24,1500000.0,CLE
Michael Porter Jr.,SF,25.0,81.0,2565.0,522.0,1079.0,0.484,220.0,554.0,0.397,302.0,525.0,0.575,92.0,110.0,0.836,106.0,459.0,565.0,122.0,42.0,53.0,92.0,148.0,1356.0,3.1,3.1,6.2,2023-24,33386850.0,DEN
Otto Porter Jr.,SF,30.0,15.0,174.0,14.0,33.0,0.424,8.0,23.0,0.348,6.0,10.0,0.6,3.0,3.0,1.0,6.0,23.0,29.0,8.0,5.0,5.0,2.0,19.0,39.0,0.1,0.1,0.3,2023-24,6300000.0,UTA
Bobby Portis,PF,28.0,82.0,2008.0,466.0,918.0,0.508,100.0,246.0,0.407,366.0,672.0,0.545,98.0,124.0,0.79,142.0,465.0,607.0,104.0,68.0,34.0,91.0,189.0,1130.0,2.1,2.6,4.7,2023-24,11710818.0,MIL
Kristaps Porziņģis,C,28.0,57.0,1690.0,388.0,752.0,0.516,110.0,293.0,0.375,278.0,459.0,0.606,259.0,302.0,0.858,97.0,312.0,409.0,115.0,42.0,111.0,89.0,156.0,1145.0,4.9,3.0,7.9,2023-24,36016200.0,BOS
Dwight Powell,C,32.0,63.0,836.0,72.0,106.0,0.679,1.0,3.0,0.333,71.0,103.0,0.689,63.0,89.0,0.708,97.0,117.0,214.0,84.0,26.0,20.0,32.0,113.0,208.0,2.2,0.9,3.1,2023-24,4000000.0,DAL
Norman Powell,SG,30.0,76.0,1990.0,373.0,768.0,0.486,167.0,384.0,0.435,206.0,384.0,0.536,143.0,172.0,0.831,16.0,179.0,195.0,82.0,43.0,22.0,66.0,137.0,1056.0,2.8,1.3,4.1,2023-24,18000000.0,LAC
Joshua Primo,SG,21.0,2.0,10.0,1.0,3.0,0.333,0.0,1.0,0.0,1.0,2.0,0.5,0.0,0.0,0.0,1.0,0.0,1.0,0.0,0.0,1.0,4.0,0.0,2.0,-0.1,0.0,-0.1,2023-24,6105941.0,SAS
Joshua Primo,SG,21.0,2.0,10.0,1.0,3.0,0.333,0.0,1.0,0.0,1.0,2.0,0.5,0.0,0.0,0.0,1.0,0.0,1.0,0.0,0.0,1.0,4.0,0.0,2.0,-0.1,0.0,-0.1,2023-24,6105941.0,LAC
Taurean Prince,PF,29.0,78.0,2108.0,253.0,572.0,0.442,141.0,356.0,0.396,112.0,216.0,0.519,50.0,68.0,0.735,21.0,209.0,230.0,119.0,58.0,35.0,73.0,146.0,697.0,0.3,1.7,1.9,2023-24,4516000.0,LAL
Payton Pritchard,PG,26.0,82.0,1825.0,297.0,635.0,0.468,147.0,382.0,0.385,150.0,253.0,0.593,46.0,56.0,0.821,70.0,195.0,265.0,281.0,39.0,6.0,61.0,106.0,787.0,4.2,1.9,6.1,2023-24,4037277.0,BOS
Olivier-Maxence Prosper,PF,21.0,40.0,336.0,40.0,104.0,0.385,13.0,45.0,0.289,27.0,59.0,0.458,28.0,41.0,0.683,25.0,54.0,79.0,22.0,7.0,4.0,8.0,20.0,121.0,0.2,0.3,0.5,2023-24,2733720.0,DAL
Neemias Queta,C,24.0,28.0,333.0,67.0,104.0,0.644,0.0,0.0,0.0,67.0,104.0,0.644,20.0,28.0,0.714,53.0,69.0,122.0,20.0,13.0,21.0,13.0,50.0,154.0,1.1,0.7,1.8,2023-24,331253.0,SAC
Neemias Queta,C,24.0,28.0,333.0,67.0,104.0,0.644,0.0,0.0,0.0,67.0,104.0,0.644,20.0,28.0,0.714,53.0,69.0,122.0,20.0,13.0,21.0,13.0,50.0,154.0,1.1,0.7,1.8,2023-24,331253.0,BOS
Immanuel Quickley,PG,24.0,68.0,1985.0,388.0,894.0,0.434,171.0,433.0,0.395,217.0,461.0,0.471,209.0,245.0,0.853,17.0,242.0,259.0,331.0,50.0,10.0,101.0,119.0,1156.0,3.5,1.2,4.7,2023-24,4171548.0,TOR
Lester Quinones,SG,23.0,37.0,394.0,56.0,141.0,0.397,32.0,88.0,0.364,24.0,53.0,0.453,20.0,29.0,0.69,21.0,51.0,72.0,36.0,6.0,2.0,17.0,44.0,164.0,0.3,0.3,0.6,2023-24,548815.0,GSW
Julius Randle,PF,29.0,46.0,1630.0,395.0,836.0,0.472,76.0,244.0,0.311,319.0,592.0,0.539,236.0,302.0,0.781,99.0,324.0,423.0,229.0,25.0,12.0,159.0,125.0,1102.0,1.9,1.9,3.8,2023-24,28226880.0,NYK
Duop Reath,C,27.0,68.0,1214.0,230.0,499.0,0.461,88.0,245.0,0.359,142.0,254.0,0.559,69.0,93.0,0.742,93.0,157.0,250.0,67.0,33.0,38.0,52.0,161.0,617.0,1.4,1.0,2.4,2023-24,1951220.0,POR
Austin Reaves,SG,25.0,82.0,2629.0,457.0,940.0,0.486,154.0,420.0,0.367,303.0,520.0,0.583,232.0,272.0,0.853,57.0,295.0,352.0,450.0,66.0,25.0,174.0,153.0,1300.0,3.9,2.0,5.9,2023-24,12015150.0,LAL
Cam Reddish,SF,24.0,48.0,984.0,91.0,234.0,0.389,37.0,110.0,0.336,54.0,124.0,0.435,41.0,54.0,0.759,27.0,72.0,99.0,48.0,47.0,14.0,31.0,64.0,260.0,-0.3,0.9,0.6,2023-24,2165000.0,LAL
Paul Reed,C,24.0,82.0,1590.0,259.0,480.0,0.54,21.0,57.0,0.368,238.0,423.0,0.563,61.0,85.0,0.718,193.0,295.0,488.0,109.0,67.0,84.0,67.0,198.0,600.0,2.5,2.6,5.1,2023-24,7723000.0,PHI
Naz Reid,C,24.0,81.0,1964.0,406.0,851.0,0.477,169.0,408.0,0.414,237.0,443.0,0.535,109.0,148.0,0.736,73.0,350.0,423.0,106.0,63.0,73.0,111.0,172.0,1090.0,1.1,3.8,4.9,2023-24,12950400.0,MIN
Nick Richards,C,26.0,67.0,1759.0,260.0,376.0,0.691,0.0,1.0,0.0,260.0,375.0,0.693,132.0,179.0,0.737,172.0,367.0,539.0,54.0,26.0,74.0,73.0,176.0,652.0,3.8,1.3,5.1,2023-24,5000000.0,CHO
Josh Richardson,SG,30.0,43.0,1103.0,154.0,347.0,0.444,66.0,190.0,0.347,88.0,157.0,0.561,51.0,54.0,0.944,18.0,103.0,121.0,105.0,24.0,14.0,36.0,76.0,425.0,0.9,1.2,2.1,2023-24,2891467.0,MIA
Duncan Robinson,SF,29.0,68.0,1905.0,304.0,675.0,0.45,187.0,473.0,0.395,117.0,202.0,0.579,80.0,90.0,0.889,15.0,158.0,173.0,192.0,46.0,16.0,95.0,163.0,875.0,1.6,2.0,3.6,2023-24,18154000.0,MIA
Mitchell Robinson,C,25.0,31.0,768.0,73.0,127.0,0.575,0.0,0.0,0.0,73.0,127.0,0.575,27.0,66.0,0.409,142.0,121.0,263.0,18.0,37.0,35.0,25.0,55.0,173.0,1.2,1.3,2.5,2023-24,15681818.0,NYK
Orlando Robinson,C,23.0,36.0,304.0,36.0,72.0,0.5,8.0,15.0,0.533,28.0,57.0,0.491,19.0,25.0,0.76,28.0,56.0,84.0,34.0,7.0,8.0,18.0,35.0,99.0,0.4,0.5,0.9,2023-24,1801769.0,MIA
Jeremiah Robinson-Earl,PF,23.0,39.0,334.0,45.0,95.0,0.474,13.0,39.0,0.333,32.0,56.0,0.571,12.0,16.0,0.75,23.0,53.0,76.0,21.0,10.0,4.0,16.0,24.0,115.0,0.2,0.4,0.6,2023-24,684843.0,HOU
Jeremiah Robinson-Earl,PF,23.0,39.0,334.0,45.0,95.0,0.474,13.0,39.0,0.333,32.0,56.0,0.571,12.0,16.0,0.75,23.0,53.0,76.0,21.0,10.0,4.0,16.0,24.0,115.0,0.2,0.4,0.6,2023-24,684843.0,NOP
David Roddy,PF,22.0,65.0,1177.0,165.0,409.0,0.403,48.0,164.0,0.293,117.0,245.0,0.478,47.0,68.0,0.691,53.0,158.0,211.0,80.0,27.0,11.0,57.0,72.0,425.0,-0.9,1.0,0.1,2023-24,2718240.0,PHO
Ryan Rollins,PG,21.0,13.0,78.0,14.0,27.0,0.519,3.0,4.0,0.75,11.0,23.0,0.478,13.0,17.0,0.765,2.0,11.0,13.0,14.0,10.0,3.0,8.0,8.0,44.0,0.1,0.1,0.3,2023-24,1719864.0,WAS
Derrick Rose,PG,35.0,24.0,399.0,76.0,165.0,0.461,15.0,41.0,0.366,61.0,124.0,0.492,24.0,27.0,0.889,7.0,38.0,45.0,78.0,8.0,2.0,31.0,21.0,191.0,0.1,0.3,0.4,2023-24,3196448.0,MEM
Terry Rozier,PG,29.0,61.0,2040.0,442.0,998.0,0.443,149.0,410.0,0.363,293.0,588.0,0.498,172.0,198.0,0.869,35.0,212.0,247.0,342.0,63.0,21.0,106.0,101.0,1205.0,2.3,1.6,3.9,2023-24,23205221.0,MIA
Rayan Rupert,SG,19.0,39.0,633.0,54.0,161.0,0.335,28.0,78.0,0.359,26.0,83.0,0.313,19.0,25.0,0.76,24.0,68.0,92.0,62.0,12.0,3.0,31.0,56.0,155.0,-0.4,0.3,-0.1,2023-24,1119563.0,POR
D'Angelo Russell,PG,27.0,76.0,2484.0,492.0,1080.0,0.456,226.0,545.0,0.415,266.0,535.0,0.497,159.0,192.0,0.828,28.0,208.0,236.0,482.0,69.0,36.0,156.0,156.0,1369.0,3.3,1.8,5.1,2023-24,17307693.0,LAL
Matt Ryan,SF,26.0,28.0,390.0,49.0,113.0,0.434,41.0,91.0,0.451,8.0,22.0,0.364,13.0,14.0,0.929,6.0,34.0,40.0,18.0,6.0,1.0,19.0,32.0,152.0,0.2,0.3,0.5,2023-24,1500000.0,NOP
Domantas Sabonis,C,27.0,82.0,2928.0,634.0,1068.0,0.594,33.0,87.0,0.379,601.0,981.0,0.613,292.0,415.0,0.704,294.0,826.0,1120.0,673.0,74.0,48.0,272.0,250.0,1593.0,8.6,4.0,12.6,2023-24,30600000.0,SAC
Luka Šamanić,PF,24.0,43.0,404.0,60.0,158.0,0.38,13.0,64.0,0.203,47.0,94.0,0.5,44.0,56.0,0.786,22.0,80.0,102.0,19.0,5.0,7.0,28.0,32.0,177.0,-0.4,0.2,-0.2,2023-24,2066585.0,UTA
Gui Santos,PF,21.0,23.0,192.0,28.0,55.0,0.509,10.0,27.0,0.37,18.0,28.0,0.643,16.0,17.0,0.941,17.0,32.0,49.0,14.0,4.0,2.0,7.0,23.0,82.0,0.5,0.2,0.7,2023-24,1029483.0,GSW
Dario Šarić,C,29.0,64.0,1098.0,181.0,388.0,0.466,74.0,197.0,0.376,107.0,191.0,0.56,79.0,93.0,0.849,73.0,210.0,283.0,144.0,31.0,10.0,78.0,112.0,515.0,1.6,1.2,2.8,2023-24,2019706.0,GSW
Marcus Sasser,PG,23.0,71.0,1351.0,219.0,512.0,0.428,90.0,240.0,0.375,129.0,272.0,0.474,58.0,66.0,0.879,11.0,114.0,125.0,236.0,44.0,12.0,90.0,103.0,586.0,0.3,0.6,0.9,2023-24,2624040.0,DET
Dennis Schröder,PG,30.0,80.0,2486.0,403.0,927.0,0.435,138.0,368.0,0.375,265.0,559.0,0.474,178.0,213.0,0.836,39.0,203.0,242.0,488.0,63.0,17.0,153.0,164.0,1122.0,2.3,1.0,3.3,2023-24,12405000.0,BRK
Alperen Sengun,C,21.0,63.0,2046.0,527.0,982.0,0.537,33.0,111.0,0.297,494.0,871.0,0.567,244.0,352.0,0.693,183.0,406.0,589.0,312.0,76.0,46.0,162.0,211.0,1331.0,3.8,3.1,6.9,2023-24,3536280.0,HOU
Brice Sensabaugh,SF,20.0,32.0,584.0,85.0,218.0,0.39,34.0,115.0,0.296,51.0,103.0,0.495,37.0,41.0,0.902,16.0,86.0,102.0,55.0,13.0,6.0,47.0,43.0,241.0,-0.5,0.2,-0.3,2023-24,2448600.0,UTA
Collin Sexton,SG,25.0,78.0,2075.0,506.0,1038.0,0.487,128.0,325.0,0.394,378.0,713.0,0.53,318.0,370.0,0.859,71.0,134.0,205.0,383.0,62.0,18.0,165.0,154.0,1458.0,5.2,0.3,5.5,2023-24,17325000.0,UTA
Landry Shamet,SG,26.0,46.0,726.0,118.0,274.0,0.431,53.0,157.0,0.338,65.0,117.0,0.556,38.0,46.0,0.826,16.0,46.0,62.0,54.0,25.0,10.0,30.0,76.0,327.0,0.1,0.2,0.3,2023-24,10250000.0,WAS
Day'Ron Sharpe,C,22.0,61.0,921.0,168.0,294.0,0.571,4.0,15.0,0.267,164.0,279.0,0.588,75.0,123.0,0.61,161.0,228.0,389.0,85.0,24.0,44.0,70.0,131.0,415.0,1.6,1.3,2.9,2023-24,2210040.0,BRK
Shaedon Sharpe,SG,20.0,32.0,1059.0,176.0,434.0,0.406,60.0,180.0,0.333,116.0,254.0,0.457,98.0,119.0,0.824,42.0,118.0,160.0,94.0,28.0,12.0,72.0,88.0,510.0,-0.2,0.6,0.5,2023-24,6313800.0,POR
Ben Sheppard,SG,22.0,57.0,814.0,90.0,229.0,0.393,49.0,156.0,0.314,41.0,73.0,0.562,23.0,26.0,0.885,15.0,74.0,89.0,53.0,33.0,2.0,15.0,88.0,252.0,0.3,0.4,0.8,2023-24,2537160.0,IND
Pascal Siakam,PF,29.0,80.0,2657.0,681.0,1271.0,0.536,85.0,246.0,0.346,596.0,1025.0,0.581,290.0,396.0,0.732,139.0,426.0,565.0,342.0,63.0,25.0,141.0,193.0,1737.0,5.4,1.5,6.9,2023-24,37893408.0,IND
Ben Simmons,PG,27.0,15.0,359.0,43.0,74.0,0.581,0.0,0.0,0.0,43.0,74.0,0.581,6.0,15.0,0.4,31.0,88.0,119.0,86.0,12.0,9.0,27.0,36.0,92.0,0.5,0.5,1.0,2023-24,37893408.0,BRK
Anfernee Simons,SG,24.0,46.0,1582.0,360.0,837.0,0.43,156.0,405.0,0.385,204.0,432.0,0.472,163.0,178.0,0.916,22.0,145.0,167.0,255.0,23.0,5.0,126.0,98.0,1039.0,1.7,0.5,2.2,2023-24,24107143.0,POR
Jericho Sims,C,25.0,45.0,585.0,38.0,55.0,0.691,0.0,0.0,0.0,38.0,55.0,0.691,16.0,24.0,0.667,56.0,91.0,147.0,25.0,8.0,19.0,16.0,45.0,92.0,0.9,0.7,1.5,2023-24,1927896.0,NYK
Marcus Smart,PG,29.0,20.0,605.0,102.0,237.0,0.43,42.0,134.0,0.313,60.0,103.0,0.583,43.0,56.0,0.768,6.0,47.0,53.0,86.0,41.0,5.0,62.0,53.0,289.0,-0.5,0.7,0.2,2023-24,18833713.0,MEM
Dennis Smith Jr.,PG,26.0,56.0,1059.0,147.0,338.0,0.435,32.0,109.0,0.294,115.0,229.0,0.502,43.0,58.0,0.741,50.0,114.0,164.0,203.0,68.0,12.0,68.0,121.0,369.0,0.5,1.3,1.8,2023-24,2019706.0,BRK
Dru Smith,SG,26.0,9.0,131.0,15.0,33.0,0.455,7.0,17.0,0.412,8.0,16.0,0.5,2.0,2.0,1.0,6.0,8.0,14.0,14.0,9.0,3.0,5.0,12.0,39.0,0.1,0.2,0.3,2023-24,1801769.0,MIA
Ish Smith,PG,35.0,43.0,741.0,66.0,158.0,0.418,4.0,8.0,0.5,62.0,150.0,0.413,3.0,4.0,0.75,11.0,65.0,76.0,145.0,17.0,4.0,47.0,49.0,139.0,-0.5,0.2,-0.4,2023-24,2019706.0,CHO
Jabari Smith Jr.,PF,20.0,76.0,2424.0,378.0,833.0,0.454,138.0,380.0,0.363,240.0,453.0,0.53,150.0,185.0,0.811,139.0,477.0,616.0,121.0,52.0,61.0,89.0,200.0,1044.0,2.4,3.2,5.6,2023-24,9326520.0,HOU
Jalen Smith,C,23.0,61.0,1047.0,234.0,395.0,0.592,61.0,144.0,0.424,173.0,251.0,0.689,72.0,104.0,0.692,112.0,225.0,337.0,63.0,17.0,38.0,44.0,124.0,601.0,3.1,0.9,4.0,2023-24,5043773.0,IND
Nick Smith Jr.,SG,19.0,51.0,729.0,113.0,289.0,0.391,63.0,146.0,0.432,50.0,143.0,0.35,13.0,15.0,0.867,18.0,54.0,72.0,59.0,10.0,7.0,39.0,55.0,302.0,-0.6,0.1,-0.5,2023-24,2463960.0,CHO
Jeremy Sochan,PF,20.0,74.0,2193.0,340.0,776.0,0.438,70.0,227.0,0.308,270.0,549.0,0.492,111.0,144.0,0.771,137.0,339.0,476.0,249.0,62.0,40.0,140.0,168.0,861.0,-0.5,1.9,1.4,2023-24,5316960.0,SAS
Jaden Springer,SG,21.0,49.0,507.0,59.0,148.0,0.399,10.0,48.0,0.208,49.0,100.0,0.49,35.0,42.0,0.833,33.0,45.0,78.0,44.0,36.0,15.0,34.0,66.0,163.0,-0.3,0.8,0.6,2023-24,2226240.0,BOS
Lamar Stevens,PF,26.0,38.0,559.0,108.0,240.0,0.45,14.0,46.0,0.304,94.0,194.0,0.485,42.0,54.0,0.778,36.0,91.0,127.0,28.0,23.0,22.0,24.0,45.0,272.0,0.0,0.8,0.8,2023-24,2419706.0,MEM
Lamar Stevens,PF,26.0,38.0,559.0,108.0,240.0,0.45,14.0,46.0,0.304,94.0,194.0,0.485,42.0,54.0,0.778,36.0,91.0,127.0,28.0,23.0,22.0,24.0,45.0,272.0,0.0,0.8,0.8,2023-24,2419706.0,SAS
Isaiah Stewart,PF,22.0,46.0,1423.0,186.0,382.0,0.487,67.0,175.0,0.383,119.0,207.0,0.575,64.0,85.0,0.753,74.0,231.0,305.0,73.0,17.0,38.0,66.0,99.0,503.0,0.9,0.8,1.7,2023-24,5266713.0,DET
Julian Strawther,SF,21.0,50.0,545.0,82.0,222.0,0.369,41.0,138.0,0.297,41.0,84.0,0.488,22.0,31.0,0.71,5.0,56.0,61.0,47.0,17.0,7.0,23.0,54.0,227.0,-0.4,0.6,0.2,2023-24,2431080.0,DEN
Max Strus,SF,27.0,70.0,2239.0,304.0,728.0,0.418,168.0,479.0,0.351,136.0,249.0,0.546,77.0,97.0,0.794,66.0,272.0,338.0,283.0,64.0,29.0,112.0,170.0,853.0,1.2,2.6,3.9,2023-24,14487684.0,CLE
Jalen Suggs,SG,22.0,75.0,2025.0,336.0,714.0,0.471,153.0,385.0,0.397,183.0,329.0,0.556,118.0,156.0,0.756,48.0,181.0,229.0,205.0,106.0,47.0,132.0,205.0,943.0,1.5,3.2,4.7,2023-24,7252080.0,ORL
Jae'Sean Tate,SF,28.0,65.0,1031.0,108.0,229.0,0.472,23.0,77.0,0.299,85.0,152.0,0.559,26.0,39.0,0.667,61.0,136.0,197.0,64.0,42.0,15.0,37.0,137.0,265.0,0.4,1.3,1.8,2023-24,6500000.0,HOU
Jayson Tatum,PF,25.0,74.0,2645.0,672.0,1426.0,0.471,229.0,609.0,0.376,443.0,817.0,0.542,414.0,497.0,0.833,67.0,534.0,601.0,364.0,75.0,43.0,188.0,145.0,1987.0,6.4,4.1,10.4,2023-24,32600060.0,BOS
Terry Taylor,PF,24.0,31.0,188.0,20.0,39.0,0.513,2.0,9.0,0.222,18.0,30.0,0.6,4.0,5.0,0.8,17.0,20.0,37.0,10.0,5.0,2.0,7.0,17.0,46.0,0.1,0.1,0.3,2023-24,2019706.0,CHI
Garrett Temple,SG,37.0,27.0,289.0,29.0,78.0,0.372,12.0,40.0,0.3,17.0,38.0,0.447,18.0,22.0,0.818,18.0,27.0,45.0,28.0,12.0,3.0,14.0,28.0,88.0,0.0,0.2,0.2,2023-24,2019706.0,TOR
Dalen Terry,SG,21.0,59.0,681.0,69.0,157.0,0.439,17.0,74.0,0.23,52.0,83.0,0.627,25.0,43.0,0.581,29.0,84.0,113.0,81.0,27.0,18.0,32.0,81.0,180.0,0.1,0.7,0.8,2023-24,3350760.0,CHI
Daniel Theis,C,31.0,60.0,1015.0,156.0,293.0,0.532,26.0,71.0,0.366,130.0,222.0,0.586,38.0,50.0,0.76,85.0,159.0,244.0,61.0,21.0,51.0,42.0,127.0,376.0,1.4,1.2,2.5,2023-24,8670002.0,IND
Daniel Theis,C,31.0,60.0,1015.0,156.0,293.0,0.532,26.0,71.0,0.366,130.0,222.0,0.586,38.0,50.0,0.76,85.0,159.0,244.0,61.0,21.0,51.0,42.0,127.0,376.0,1.4,1.2,2.5,2023-24,8670002.0,LAC
Cam Thomas,SG,22.0,66.0,2075.0,526.0,1190.0,0.442,144.0,396.0,0.364,382.0,794.0,0.481,286.0,334.0,0.856,28.0,186.0,214.0,192.0,45.0,16.0,124.0,138.0,1482.0,1.3,1.2,2.5,2023-24,2240160.0,BRK
Isaiah Thomas,PG,34.0,6.0,19.0,3.0,10.0,0.3,2.0,4.0,0.5,1.0,6.0,0.167,0.0,0.0,0.0,0.0,0.0,0.0,3.0,0.0,0.0,0.0,0.0,8.0,0.0,0.0,0.0,2023-24,301795.0,PHO
Isaiah Thomas,PG,34.0,6.0,19.0,3.0,10.0,0.3,2.0,4.0,0.5,1.0,6.0,0.167,0.0,0.0,0.0,0.0,0.0,0.0,3.0,0.0,0.0,0.0,0.0,8.0,0.0,0.0,0.0,2023-24,301795.0,PHO
Isaiah Thomas,PG,34.0,6.0,19.0,3.0,10.0,0.3,2.0,4.0,0.5,1.0,6.0,0.167,0.0,0.0,0.0,0.0,0.0,0.0,3.0,0.0,0.0,0.0,0.0,8.0,0.0,0.0,0.0,2023-24,301795.0,PHO
Amen Thompson,SF,21.0,62.0,1388.0,239.0,446.0,0.536,8.0,58.0,0.138,231.0,388.0,0.595,106.0,155.0,0.684,148.0,261.0,409.0,163.0,78.0,38.0,90.0,141.0,592.0,1.9,2.4,4.3,2023-24,8809320.0,HOU
Ausar Thompson,SF,21.0,63.0,1583.0,232.0,480.0,0.483,21.0,113.0,0.186,211.0,367.0,0.575,71.0,119.0,0.597,129.0,273.0,402.0,120.0,68.0,59.0,84.0,175.0,556.0,0.1,1.7,1.8,2023-24,7977480.0,DET
Klay Thompson,SF,33.0,77.0,2284.0,490.0,1133.0,0.432,268.0,692.0,0.387,222.0,441.0,0.503,127.0,137.0,0.927,35.0,219.0,254.0,176.0,50.0,35.0,117.0,127.0,1375.0,1.8,1.7,3.6,2023-24,43219440.0,GSW
Tristan Thompson,C,32.0,49.0,549.0,73.0,120.0,0.608,0.0,1.0,0.0,73.0,119.0,0.613,15.0,52.0,0.288,73.0,101.0,174.0,51.0,12.0,14.0,29.0,59.0,161.0,0.6,0.8,1.4,2023-24,2019706.0,CLE
JT Thor,PF,21.0,63.0,781.0,80.0,183.0,0.437,28.0,81.0,0.346,52.0,102.0,0.51,11.0,20.0,0.55,43.0,103.0,146.0,29.0,11.0,27.0,15.0,60.0,199.0,0.2,0.3,0.6,2023-24,1836096.0,CHO
Matisse Thybulle,SF,26.0,65.0,1487.0,126.0,317.0,0.397,80.0,231.0,0.346,46.0,86.0,0.535,22.0,29.0,0.759,30.0,106.0,136.0,90.0,113.0,49.0,40.0,93.0,354.0,0.4,1.8,2.2,2023-24,10500000.0,POR
Xavier Tillman Sr.,C,25.0,54.0,974.0,121.0,279.0,0.434,20.0,81.0,0.247,101.0,198.0,0.51,22.0,50.0,0.44,70.0,141.0,211.0,77.0,51.0,44.0,34.0,75.0,284.0,-0.1,1.6,1.4,2023-24,1930681.0,BOS
Obi Toppin,PF,25.0,82.0,1730.0,332.0,579.0,0.573,102.0,253.0,0.403,230.0,326.0,0.706,77.0,100.0,0.77,85.0,235.0,320.0,128.0,47.0,43.0,69.0,143.0,843.0,3.6,1.1,4.8,2023-24,6803012.0,IND
Juan Toscano-Anderson,SF,30.0,11.0,53.0,3.0,12.0,0.25,1.0,4.0,0.25,2.0,8.0,0.25,0.0,0.0,0.0,4.0,10.0,14.0,4.0,1.0,1.0,2.0,11.0,7.0,-0.1,0.1,0.0,2023-24,439581.0,SAC
Juan Toscano-Anderson,SF,30.0,11.0,53.0,3.0,12.0,0.25,1.0,4.0,0.25,2.0,8.0,0.25,0.0,0.0,0.0,4.0,10.0,14.0,4.0,1.0,1.0,2.0,11.0,7.0,-0.1,0.1,0.0,2023-24,439581.0,SAC
Karl-Anthony Towns,PF,28.0,62.0,2026.0,479.0,951.0,0.504,136.0,327.0,0.416,343.0,624.0,0.55,255.0,292.0,0.873,94.0,421.0,515.0,189.0,43.0,41.0,177.0,204.0,1349.0,2.6,3.6,6.3,2023-24,36016200.0,MIN
Gary Trent Jr.,SG,25.0,71.0,1994.0,361.0,847.0,0.426,178.0,453.0,0.393,183.0,394.0,0.464,74.0,96.0,0.771,25.0,163.0,188.0,119.0,77.0,10.0,47.0,96.0,974.0,0.8,0.9,1.7,2023-24,18560000.0,TOR
P.J. Tucker,PF,38.0,31.0,486.0,18.0,50.0,0.36,13.0,35.0,0.371,5.0,15.0,0.333,3.0,3.0,1.0,28.0,57.0,85.0,16.0,16.0,7.0,8.0,54.0,52.0,0.2,0.5,0.7,2023-24,11014500.0,LAC
Myles Turner,C,27.0,77.0,2076.0,476.0,909.0,0.524,116.0,324.0,0.358,360.0,585.0,0.615,245.0,317.0,0.773,113.0,420.0,533.0,100.0,39.0,144.0,109.0,232.0,1313.0,3.6,2.2,5.8,2023-24,20975000.0,IND
Hunter Tyson,PF,23.0,18.0,48.0,8.0,20.0,0.4,4.0,14.0,0.286,4.0,6.0,0.667,0.0,0.0,0.0,1.0,8.0,9.0,2.0,1.0,0.0,2.0,10.0,20.0,0.0,0.1,0.0,2023-24,1119563.0,DEN
Stanley Umude,SG,24.0,24.0,307.0,37.0,84.0,0.44,24.0,53.0,0.453,13.0,31.0,0.419,29.0,32.0,0.906,8.0,43.0,51.0,11.0,8.0,7.0,14.0,40.0,127.0,0.3,0.2,0.5,2023-24,538460.0,DET
Jonas Valančiūnas,C,31.0,82.0,1925.0,402.0,719.0,0.559,37.0,120.0,0.308,365.0,599.0,0.609,161.0,205.0,0.785,186.0,535.0,721.0,173.0,32.0,68.0,111.0,218.0,1002.0,3.9,3.1,7.1,2023-24,15435000.0,NOP
Jarred Vanderbilt,PF,24.0,29.0,581.0,59.0,114.0,0.518,8.0,27.0,0.296,51.0,87.0,0.586,24.0,36.0,0.667,41.0,97.0,138.0,36.0,36.0,5.0,28.0,43.0,150.0,0.3,0.8,1.1,2023-24,4698000.0,LAL
Fred VanVleet,PG,29.0,73.0,2684.0,423.0,1018.0,0.416,227.0,586.0,0.387,196.0,432.0,0.454,197.0,229.0,0.86,33.0,245.0,278.0,589.0,101.0,59.0,126.0,183.0,1270.0,5.3,3.1,8.4,2023-24,40806300.0,HOU
Devin Vassell,SG,23.0,68.0,2248.0,498.0,1056.0,0.472,166.0,446.0,0.372,332.0,610.0,0.544,161.0,201.0,0.801,27.0,234.0,261.0,277.0,73.0,23.0,108.0,74.0,1323.0,2.0,1.6,3.6,2023-24,5887899.0,SAS
Sasha Vezenkov,PF,28.0,42.0,511.0,84.0,191.0,0.44,45.0,120.0,0.375,39.0,71.0,0.549,12.0,15.0,0.8,30.0,66.0,96.0,19.0,20.0,7.0,12.0,42.0,225.0,0.5,0.5,1.0,2023-24,6341464.0,SAC
Gabe Vincent,PG,27.0,11.0,218.0,15.0,49.0,0.306,3.0,28.0,0.107,12.0,21.0,0.571,1.0,2.0,0.5,4.0,5.0,9.0,21.0,9.0,0.0,5.0,19.0,34.0,-0.3,0.1,-0.1,2023-24,10500000.0,LAL
Nikola Vučević,C,33.0,76.0,2610.0,586.0,1211.0,0.484,92.0,313.0,0.294,494.0,898.0,0.55,106.0,129.0,0.822,210.0,591.0,801.0,254.0,50.0,60.0,120.0,190.0,1370.0,2.7,2.8,5.4,2023-24,18518519.0,CHI
Tristan Vukcevic,C,20.0,10.0,153.0,29.0,67.0,0.433,10.0,36.0,0.278,19.0,31.0,0.613,17.0,22.0,0.773,6.0,30.0,36.0,13.0,5.0,7.0,10.0,28.0,85.0,0.0,0.1,0.1,2023-24,2424892.0,WAS
Dean Wade,PF,27.0,54.0,1108.0,96.0,232.0,0.414,79.0,202.0,0.391,17.0,30.0,0.567,20.0,26.0,0.769,37.0,181.0,218.0,43.0,40.0,25.0,20.0,93.0,291.0,0.9,1.6,2.5,2023-24,5709877.0,CLE
Franz Wagner,SF,22.0,72.0,2337.0,528.0,1096.0,0.482,94.0,334.0,0.281,434.0,762.0,0.57,271.0,319.0,0.85,72.0,309.0,381.0,269.0,76.0,28.0,137.0,168.0,1421.0,3.1,3.2,6.4,2023-24,5508720.0,ORL
Moritz Wagner,C,26.0,80.0,1415.0,332.0,552.0,0.601,38.0,115.0,0.33,294.0,437.0,0.673,166.0,204.0,0.814,117.0,230.0,347.0,96.0,39.0,21.0,97.0,160.0,868.0,3.5,2.0,5.6,2023-24,8000000.0,ORL
Ish Wainright,SF,29.0,11.0,62.0,7.0,24.0,0.292,7.0,20.0,0.35,0.0,4.0,0.0,2.0,2.0,1.0,3.0,11.0,14.0,1.0,4.0,1.0,2.0,8.0,23.0,0.0,0.1,0.0,2023-24,1927896.0,POR
Jabari Walker,SF,21.0,72.0,1700.0,234.0,509.0,0.46,41.0,139.0,0.295,193.0,370.0,0.522,129.0,171.0,0.754,151.0,357.0,508.0,71.0,42.0,22.0,66.0,173.0,638.0,1.4,1.6,2.9,2023-24,1719864.0,POR
Jarace Walker,PF,20.0,33.0,340.0,45.0,110.0,0.409,22.0,55.0,0.4,23.0,55.0,0.418,8.0,9.0,0.889,12.0,51.0,63.0,40.0,15.0,11.0,17.0,29.0,120.0,0.1,0.3,0.4,2023-24,6059520.0,IND
Lonnie Walker IV,SG,25.0,58.0,1011.0,208.0,492.0,0.423,104.0,271.0,0.384,104.0,221.0,0.471,45.0,59.0,0.763,13.0,114.0,127.0,74.0,32.0,20.0,51.0,71.0,565.0,-0.1,0.9,0.8,2023-24,2019706.0,BRK
Cason Wallace,SG,20.0,82.0,1692.0,217.0,442.0,0.491,98.0,234.0,0.419,119.0,208.0,0.572,29.0,37.0,0.784,52.0,135.0,187.0,120.0,76.0,37.0,45.0,129.0,561.0,1.9,2.1,4.0,2023-24,5291400.0,OKC
Jordan Walsh,SF,19.0,9.0,83.0,6.0,15.0,0.4,2.0,9.0,0.222,4.0,6.0,0.667,1.0,2.0,0.5,5.0,15.0,20.0,5.0,5.0,1.0,3.0,11.0,15.0,0.0,0.2,0.2,2023-24,1119563.0,BOS
T.J. Warren,SF,30.0,11.0,125.0,18.0,41.0,0.439,2.0,13.0,0.154,16.0,28.0,0.571,3.0,4.0,0.75,5.0,17.0,22.0,9.0,4.0,1.0,4.0,11.0,41.0,0.0,0.2,0.2,2023-24,452693.0,MIN
T.J. Warren,SF,30.0,11.0,125.0,18.0,41.0,0.439,2.0,13.0,0.154,16.0,28.0,0.571,3.0,4.0,0.75,5.0,17.0,22.0,9.0,4.0,1.0,4.0,11.0,41.0,0.0,0.2,0.2,2023-24,452693.0,MIN
T.J. Warren,SF,30.0,11.0,125.0,18.0,41.0,0.439,2.0,13.0,0.154,16.0,28.0,0.571,3.0,4.0,0.75,5.0,17.0,22.0,9.0,4.0,1.0,4.0,11.0,41.0,0.0,0.2,0.2,2023-24,452693.0,MIN
P.J. Washington,PF,25.0,73.0,2221.0,354.0,811.0,0.436,132.0,413.0,0.32,222.0,398.0,0.558,99.0,145.0,0.683,85.0,326.0,411.0,141.0,72.0,59.0,96.0,169.0,939.0,0.0,1.9,1.9,2023-24,16847826.0,DAL
TyTy Washington Jr.,PG,22.0,11.0,56.0,6.0,20.0,0.3,2.0,6.0,0.333,4.0,14.0,0.286,0.0,0.0,0.0,1.0,4.0,5.0,5.0,3.0,0.0,2.0,1.0,14.0,-0.1,0.1,-0.1,2023-24,2320440.0,OKC
Yuta Watanabe,SF,29.0,34.0,464.0,41.0,116.0,0.353,25.0,85.0,0.294,16.0,31.0,0.516,10.0,17.0,0.588,11.0,43.0,54.0,15.0,12.0,7.0,19.0,39.0,117.0,-0.5,0.4,-0.1,2023-24,2346614.0,MEM
Lindy Waters III,SG,26.0,38.0,280.0,49.0,104.0,0.471,37.0,85.0,0.435,12.0,19.0,0.632,2.0,2.0,1.0,7.0,33.0,40.0,24.0,5.0,7.0,7.0,23.0,137.0,0.6,0.3,0.9,2023-24,766095.0,OKC
Trendon Watford,PF,23.0,63.0,856.0,164.0,311.0,0.527,27.0,68.0,0.397,137.0,243.0,0.564,77.0,97.0,0.794,52.0,142.0,194.0,81.0,23.0,19.0,63.0,106.0,432.0,0.9,0.9,1.8,2023-24,2019706.0,BRK
Peyton Watson,SF,21.0,80.0,1488.0,208.0,447.0,0.465,45.0,152.0,0.296,163.0,295.0,0.553,71.0,106.0,0.67,56.0,202.0,258.0,86.0,42.0,88.0,58.0,143.0,532.0,0.3,2.2,2.5,2023-24,2303520.0,DEN
Victor Wembanyama,C,20.0,71.0,2106.0,551.0,1186.0,0.465,128.0,394.0,0.325,423.0,792.0,0.534,292.0,367.0,0.796,161.0,594.0,755.0,274.0,88.0,254.0,260.0,153.0,1522.0,-0.7,4.4,3.7,2023-24,12160680.0,SAS
Blake Wesley,SG,20.0,61.0,876.0,102.0,215.0,0.474,12.0,55.0,0.218,90.0,160.0,0.563,52.0,78.0,0.667,18.0,76.0,94.0,166.0,29.0,9.0,55.0,89.0,268.0,0.3,0.6,0.9,2023-24,2504640.0,SAS
Russell Westbrook,PG,35.0,68.0,1529.0,301.0,663.0,0.454,42.0,154.0,0.273,259.0,509.0,0.509,110.0,160.0,0.688,93.0,250.0,343.0,306.0,74.0,23.0,144.0,121.0,754.0,0.2,1.9,2.1,2023-24,3835738.0,LAC
Coby White,PG,23.0,79.0,2881.0,541.0,1209.0,0.447,209.0,556.0,0.376,332.0,653.0,0.508,218.0,260.0,0.838,44.0,314.0,358.0,405.0,53.0,18.0,166.0,186.0,1509.0,3.1,1.6,4.7,2023-24,11111111.0,CHI
Derrick White,SG,29.0,73.0,2381.0,387.0,839.0,0.461,196.0,495.0,0.396,191.0,344.0,0.555,137.0,152.0,0.901,51.0,259.0,310.0,377.0,74.0,87.0,112.0,152.0,1107.0,5.2,3.3,8.5,2023-24,18357143.0,BOS
Jack White,SF,26.0,4.0,64.0,2.0,16.0,0.125,2.0,10.0,0.2,0.0,6.0,0.0,0.0,0.0,0.0,4.0,8.0,12.0,1.0,4.0,1.0,2.0,3.0,6.0,-0.2,0.1,-0.1,2023-24,600000.0,OKC
Cam Whitmore,SF,19.0,47.0,880.0,212.0,467.0,0.454,79.0,220.0,0.359,133.0,247.0,0.538,76.0,112.0,0.679,44.0,136.0,180.0,33.0,30.0,17.0,46.0,64.0,579.0,0.4,1.1,1.5,2023-24,3218160.0,HOU
Aaron Wiggins,SG,25.0,78.0,1228.0,212.0,377.0,0.562,62.0,126.0,0.492,150.0,251.0,0.598,56.0,71.0,0.789,60.0,126.0,186.0,86.0,56.0,19.0,56.0,91.0,542.0,2.1,1.6,3.7,2023-24,1836096.0,OKC
Andrew Wiggins,SF,28.0,71.0,1920.0,353.0,780.0,0.453,91.0,254.0,0.358,262.0,526.0,0.498,142.0,189.0,0.751,108.0,213.0,321.0,119.0,42.0,41.0,87.0,147.0,939.0,1.2,1.6,2.8,2023-24,24330357.0,GSW
Grant Williams,PF,25.0,76.0,2130.0,276.0,605.0,0.456,126.0,336.0,0.375,150.0,269.0,0.558,106.0,140.0,0.757,86.0,232.0,318.0,174.0,44.0,39.0,109.0,226.0,784.0,1.3,1.3,2.6,2023-24,12405000.0,CHO
Jalen Williams,PF,22.0,71.0,2223.0,536.0,993.0,0.54,103.0,241.0,0.427,433.0,752.0,0.576,180.0,221.0,0.814,37.0,245.0,282.0,322.0,80.0,45.0,123.0,175.0,1355.0,4.5,2.7,7.3,2023-24,4558680.0,OKC
Jaylin Williams,C,21.0,69.0,897.0,95.0,228.0,0.417,53.0,144.0,0.368,42.0,84.0,0.5,33.0,41.0,0.805,36.0,198.0,234.0,110.0,28.0,27.0,34.0,98.0,276.0,1.0,1.5,2.4,2023-24,2000000.0,OKC
Kenrich Williams,PF,29.0,69.0,1029.0,131.0,280.0,0.468,56.0,141.0,0.397,75.0,139.0,0.54,7.0,14.0,0.5,61.0,148.0,209.0,93.0,38.0,9.0,32.0,101.0,325.0,1.1,1.3,2.5,2023-24,6175000.0,OKC
Malik Williams,C,25.0,7.0,107.0,9.0,34.0,0.265,1.0,5.0,0.2,8.0,29.0,0.276,0.0,2.0,0.0,15.0,23.0,38.0,2.0,3.0,4.0,3.0,15.0,19.0,-0.3,0.1,-0.2,2023-24,77212.0,TOR
Malik Williams,C,25.0,7.0,107.0,9.0,34.0,0.265,1.0,5.0,0.2,8.0,29.0,0.276,0.0,2.0,0.0,15.0,23.0,38.0,2.0,3.0,4.0,3.0,15.0,19.0,-0.3,0.1,-0.2,2023-24,77212.0,TOR
Mark Williams,C,22.0,19.0,508.0,98.0,151.0,0.649,0.0,0.0,0.0,98.0,151.0,0.649,46.0,64.0,0.719,76.0,108.0,184.0,22.0,16.0,20.0,17.0,50.0,242.0,1.6,0.5,2.1,2023-24,3908160.0,CHO
Patrick Williams,PF,22.0,43.0,1174.0,159.0,359.0,0.443,59.0,148.0,0.399,100.0,211.0,0.474,52.0,66.0,0.788,46.0,120.0,166.0,66.0,40.0,33.0,57.0,87.0,429.0,0.1,1.0,1.2,2023-24,9835881.0,CHI
Robert Williams,C,26.0,6.0,119.0,17.0,26.0,0.654,0.0,0.0,0.0,17.0,26.0,0.654,7.0,9.0,0.778,11.0,27.0,38.0,5.0,7.0,7.0,7.0,17.0,41.0,0.2,0.2,0.4,2023-24,11571429.0,POR
Vince Williams Jr.,SG,23.0,52.0,1436.0,169.0,379.0,0.446,79.0,209.0,0.378,90.0,170.0,0.529,104.0,130.0,0.8,59.0,231.0,290.0,175.0,47.0,34.0,92.0,135.0,521.0,1.1,1.7,2.8,2023-24,2232308.0,MEM
Ziaire Williams,SF,22.0,51.0,1038.0,150.0,378.0,0.397,58.0,189.0,0.307,92.0,189.0,0.487,62.0,75.0,0.827,35.0,145.0,180.0,75.0,36.0,9.0,66.0,85.0,420.0,-0.9,1.1,0.2,2023-24,4810200.0,MEM
Zion Williamson,PF,23.0,70.0,2207.0,624.0,1094.0,0.57,6.0,18.0,0.333,618.0,1076.0,0.574,347.0,494.0,0.702,122.0,284.0,406.0,352.0,77.0,47.0,193.0,159.0,1601.0,4.7,2.8,7.5,2023-24,34005250.0,NOP
Jalen Wilson,PF,23.0,43.0,664.0,76.0,179.0,0.425,24.0,74.0,0.324,52.0,105.0,0.495,38.0,46.0,0.826,47.0,84.0,131.0,45.0,11.0,4.0,19.0,48.0,214.0,0.6,0.4,1.1,2023-24,850000.0,BRK
Dylan Windler,SF,27.0,17.0,108.0,15.0,30.0,0.5,13.0,27.0,0.481,2.0,3.0,0.667,0.0,0.0,0.0,3.0,13.0,16.0,10.0,2.0,0.0,2.0,6.0,43.0,0.3,0.0,0.3,2023-24,2019706.0,NYK
James Wiseman,C,22.0,63.0,1091.0,187.0,305.0,0.613,0.0,2.0,0.0,187.0,303.0,0.617,72.0,102.0,0.706,110.0,226.0,336.0,54.0,12.0,39.0,66.0,141.0,446.0,1.3,0.8,2.1,2023-24,12119440.0,DET
Christian Wood,PF,28.0,50.0,872.0,123.0,264.0,0.466,35.0,114.0,0.307,88.0,150.0,0.587,66.0,94.0,0.702,39.0,215.0,254.0,49.0,16.0,33.0,50.0,72.0,347.0,0.0,1.1,1.2,2023-24,2709849.0,LAL
Delon Wright,PG,31.0,47.0,742.0,74.0,188.0,0.394,25.0,68.0,0.368,49.0,120.0,0.408,37.0,45.0,0.822,19.0,67.0,86.0,119.0,54.0,11.0,14.0,32.0,210.0,0.8,0.9,1.7,2023-24,8856750.0,WAS
Delon Wright,PG,31.0,47.0,742.0,74.0,188.0,0.394,25.0,68.0,0.368,49.0,120.0,0.408,37.0,45.0,0.822,19.0,67.0,86.0,119.0,54.0,11.0,14.0,32.0,210.0,0.8,0.9,1.7,2023-24,8856750.0,MIA
Thaddeus Young,PF,35.0,33.0,439.0,65.0,108.0,0.602,1.0,7.0,0.143,64.0,101.0,0.634,6.0,15.0,0.4,46.0,57.0,103.0,57.0,23.0,5.0,15.0,49.0,137.0,0.9,0.4,1.3,2023-24,8638413.0,BRK
Thaddeus Young,PF,35.0,33.0,439.0,65.0,108.0,0.602,1.0,7.0,0.143,64.0,101.0,0.634,6.0,15.0,0.4,46.0,57.0,103.0,57.0,23.0,5.0,15.0,49.0,137.0,0.9,0.4,1.3,2023-24,8638413.0,PHO
Trae Young,PG,25.0,54.0,1942.0,433.0,1008.0,0.43,175.0,469.0,0.373,258.0,539.0,0.479,348.0,407.0,0.855,23.0,126.0,149.0,583.0,72.0,11.0,235.0,109.0,1389.0,4.0,0.6,4.6,2023-24,40064220.0,ATL
Omer Yurtseven,C,25.0,48.0,545.0,99.0,184.0,0.538,5.0,24.0,0.208,94.0,160.0,0.588,19.0,28.0,0.679,72.0,136.0,208.0,29.0,8.0,18.0,37.0,52.0,222.0,0.3,0.4,0.7,2023-24,2800000.0,UTA
Cody Zeller,C,31.0,43.0,320.0,26.0,62.0,0.419,1.0,3.0,0.333,25.0,59.0,0.424,23.0,38.0,0.605,48.0,64.0,112.0,39.0,9.0,5.0,16.0,45.0,76.0,0.4,0.4,0.8,2023-24,2019706.0,NOP
Ivica Zubac,C,26.0,68.0,1794.0,337.0,519.0,0.649,0.0,0.0,0.0,337.0,519.0,0.649,120.0,166.0,0.723,196.0,430.0,626.0,93.0,22.0,83.0,79.0,180.0,794.0,4.5,2.3,6.8,2023-24,10933333.0,LAC
