PTS per game,TBR per game,AST per game,WS,Pick,College
4.8,1.9,1.6,-0.1,15,US
7.5,1.9,0.8,1.8,16,US
9.1,5.4,2.0,6.0,20,US
8.5,6.0,1.0,17.7,6,US
6.8,3.8,0.6,16.4,8,US
9.3,2.8,1.2,2.6,10,US
28.7,8.7,8.3,51.2,3,Out US
11.9,3.5,3.0,17.2,19,US
15.7,8.1,1.4,36.7,19,US
13.1,4.5,1.1,22.2,15,US
4.0,2.9,0.6,-0.6,15,US
14.0,2.9,4.8,29.5,17,Out US
5.5,1.9,2.9,4.4,18,US
12.2,2.4,5.6,52.4,19,US
13.1,8.0,3.2,112.7,3,US
3.9,1.0,1.6,1.6,11,US
4.5,4.3,0.5,9.9,5,US
10.2,5.2,1.3,65.1,2,US
9.1,4.7,1.6,25.7,6,US
14.5,7.4,3.1,51.0,17,Out US
17.0,9.2,3.2,144.1,3,Out US
6.2,2.2,0.9,6.4,6,US
13.4,2.3,3.8,102.0,10,US
3.0,1.9,0.2,1.8,17,US
8.2,3.1,1.5,5.8,20,US
7.2,2.7,1.1,0.2,20,US
7.8,5.0,0.6,28.0,16,US
2.4,1.8,0.7,0.2,15,US
5.0,4.1,0.7,24.9,10,US
8.0,3.2,1.6,43.8,9,US
5.6,4.5,0.8,0.3,15,US
7.6,1.8,3.5,5.2,10,US
8.6,5.4,1.7,9.6,19,US
4.5,4.9,1.0,29.2,5,US
12.1,8.4,0.9,81.8,11,US
6.0,1.5,0.6,0.4,10,US
11.8,3.0,1.8,15.4,4,US
9.8,2.8,1.8,10.5,18,US
8.1,1.4,3.2,2.4,10,US
6.7,2.9,0.9,4.3,16,US
5.4,5.8,0.6,63.9,14,US
6.9,2.0,4.7,11.3,9,US
22.1,3.8,3.2,50.8,1,US
7.1,7.0,1.2,28.1,3,US
6.0,3.9,0.8,13.3,19,Out US
9.4,2.3,4.8,22.1,7,US
8.7,6.5,0.9,8.2,10,US
8.1,5.9,1.2,27.6,9,US
7.4,4.4,1.4,16.2,10,US
8.8,3.9,1.0,8.4,5,US
24.2,4.2,5.4,46.7,3,US
3.6,0.7,0.8,-0.3,14,US
9.3,3.4,3.6,32.8,10,US
4.1,0.6,1.4,0.5,13,US
2.5,1.2,0.1,0.4,8,US
20.2,4.4,2.7,81.0,4,US
12.2,2.8,2.9,58.3,14,US
10.6,8.6,1.4,39.3,8,US
16.2,4.3,3.8,62.8,6,US
9.4,9.9,2.1,79.9,12,US
3.2,1.7,1.4,1.0,6,US
16.0,10.4,1.5,58.2,3,US
4.3,1.1,1.8,0.5,12,US
5.5,3.1,2.0,0.3,8,US
16.5,4.7,6.7,95.5,6,US
2.4,1.4,0.1,0.0,14,US
9.1,5.3,1.4,20.2,7,US
7.9,5.6,0.9,0.1,15,US
10.6,5.2,1.0,35.9,7,US
5.5,5.1,0.8,9.3,15,US
6.8,3.4,2.1,2.7,4,US
8.1,5.3,0.8,4.5,12,US
15.1,22.5,4.3,163.5,2,US
15.8,9.1,1.6,34.3,10,US
9.3,6.3,2.1,2.1,1,US
10.3,5.2,2.9,4.8,9,US
6.8,2.2,2.5,8.9,17,US
26.4,16.2,3.0,136.0,2,US
9.3,5.5,1.8,16.5,3,US
4.9,2.9,0.6,-1.2,1,US
11.1,9.6,3.0,27.9,2,US
18.4,5.2,7.5,91.1,4,US
3.7,2.6,0.9,0.6,16,US
8.3,3.2,1.0,7.6,14,US
4.6,2.1,0.7,2.0,14,US
4.8,2.0,1.1,13.2,20,US
23.1,7.2,3.5,55.9,3,US
18.6,5.3,2.4,35.3,3,US
2.3,1.4,0.4,1.1,16,Out US
14.3,3.9,3.6,29.5,16,US
10.7,3.5,4.6,33.4,6,US
2.3,1.0,0.3,0.8,17,US
3.2,2.8,0.5,6.0,16,Out US
11.0,2.8,1.7,17.2,19,US
12.0,4.1,1.5,54.6,5,US
10.3,2.2,2.8,23.5,7,US
9.7,2.5,0.9,18.4,18,Out US
15.7,8.4,1.5,71.0,15,Out US
1.8,0.7,0.7,-0.2,16,US
5.4,1.7,0.8,9.9,20,US
16.0,4.0,3.9,82.9,10,US
3.6,2.4,0.7,3.0,11,US
2.7,2.7,0.3,2.1,11,US
19.7,5.6,3.5,150.0,10,US
15.2,2.9,5.4,120.8,3,US
13.6,3.1,2.1,9.4,6,US
17.5,7.7,3.5,38.1,6,US
8.6,3.3,1.4,23.2,14,US
4.5,4.6,0.4,8.5,9,US
5.1,2.7,0.3,0.3,19,US
11.1,2.6,3.7,33.4,19,US
5.0,1.5,1.0,1.4,13,US
7.8,2.1,3.9,10.9,20,US
17.9,7.3,1.7,113.0,3,US
24.3,10.0,6.3,145.8,6,US
14.7,1.6,1.6,10.0,8,US
12.5,6.3,2.2,78.5,12,US
2.4,1.1,0.2,-0.1,16,US
7.7,4.7,1.6,15.2,17,US
4.2,1.5,0.7,1.1,17,US
2.4,1.5,0.4,-0.2,17,US
15.6,1.9,4.4,67.7,10,US
2.6,1.8,0.2,0.3,10,US
17.6,13.6,3.8,86.3,4,US
17.2,4.0,4.9,54.0,9,US
8.4,3.9,2.1,35.5,12,US
4.7,1.7,1.1,0.8,11,US
11.7,3.1,3.0,33.2,8,US
1.4,1.4,0.1,-0.1,20,US
8.3,6.0,1.4,27.7,9,US
6.3,1.5,0.4,2.0,18,US
20.8,6.3,4.8,131.7,9,US
4.8,1.5,0.5,0.1,18,US
6.7,2.6,1.9,2.3,9,US
9.6,6.3,1.1,56.5,8,US
4.3,4.7,0.4,0.4,8,US
3.2,2.3,0.3,1.2,16,US
4.6,4.5,0.5,1.9,8,US
17.7,4.9,2.5,92.3,8,US
18.6,8.8,2.0,60.0,6,US
7.4,3.5,4.3,38.6,14,US
6.2,5.6,0.7,3.4,4,US
6.3,5.1,0.7,5.3,12,US
7.4,3.4,0.7,6.5,5,US
3.6,5.3,0.9,2.2,14,US
13.4,5.5,1.8,49.2,6,US
4.9,2.6,1.7,0.8,7,US
8.3,8.4,1.4,42.0,1,US
6.7,5.9,1.8,11.6,13,US
14.1,5.2,1.8,14.6,19,US
8.3,2.3,2.2,6.0,17,US
10.6,7.1,1.1,60.2,3,US
7.1,3.6,2.4,-0.2,11,US
16.1,6.2,1.4,85.3,10,US
4.2,3.4,0.3,3.0,17,US
5.4,2.3,1.0,3.1,15,US
7.2,5.8,0.8,10.9,7,US
12.3,6.8,1.9,48.0,1,US
11.5,4.1,1.5,35.2,7,US
14.1,3.9,2.6,44.8,8,US
5.0,2.5,0.8,1.1,9,US
2.1,2.6,0.0,-0.7,14,US
4.6,1.2,1.7,6.3,16,US
12.6,3.1,6.1,62.5,2,US
16.5,9.3,2.5,64.3,1,US
13.5,4.1,6.7,71.8,12,US
11.0,4.7,1.6,37.4,4,US
10.9,2.8,1.6,7.1,3,US
8.6,1.9,3.8,1.9,13,US
6.0,3.3,1.0,8.9,17,US
12.8,2.6,5.4,50.6,13,US
12.8,10.0,1.3,120.1,3,US
12.1,4.2,2.2,16.3,10,US
3.6,2.3,0.5,2.9,18,US
8.2,3.4,2.1,14.6,6,US
11.7,6.9,1.3,55.9,7,US
17.2,6.8,2.2,57.2,8,US
17.2,8.3,2.0,30.5,11,US
8.4,2.1,1.2,0.9,13,US
22.5,5.8,3.3,75.4,7,US
17.3,4.3,2.4,0.8,2,US
11.4,10.2,1.7,9.3,13,US
10.1,7.9,0.6,4.9,15,US
4.8,1.7,0.9,-0.3,11,US
20.0,6.2,7.4,11.6,3,Out US
12.9,5.5,2.2,12.5,12,US
22.8,4.7,4.9,43.6,11,US
11.6,2.5,2.8,12.4,11,US
8.8,3.8,1.6,15.9,9,US
4.7,4.9,0.7,9.4,9,US
7.9,5.7,1.3,33.5,4,US
8.4,5.4,1.2,21.0,2,US
19.3,3.8,5.3,59.8,9,US
16.3,6.2,2.4,70.2,19,US
11.2,3.2,1.9,18.3,12,US
9.5,1.8,3.9,47.7,9,US
5.3,3.9,0.5,7.5,20,Out US
7.0,3.6,0.5,26.2,8,US
7.5,2.1,1.4,-1.4,3,US
11.2,3.0,5.2,40.2,5,US
6.9,4.0,1.0,2.6,13,US
12.0,9.7,0.8,45.3,2,US
1.2,1.0,0.3,-0.5,16,US
7.2,6.5,0.6,27.7,19,US
16.1,3.8,7.2,63.1,3,US
25.0,5.2,4.7,172.7,13,Out US
9.1,2.5,1.9,19.5,16,US
4.5,1.1,1.0,1.3,17,US
6.9,3.5,1.4,16.4,20,US
17.1,8.5,1.1,89.7,2,US
16.2,7.5,3.3,69.7,1,US
13.4,4.1,3.0,47.8,5,US
8.5,5.0,1.0,22.5,5,US
14.6,2.5,2.7,24.7,8,US
2.7,1.5,1.1,1.3,18,US
9.7,4.2,1.3,8.0,4,US
14.1,3.6,3.7,13.5,7,US
12.5,8.5,2.0,22.5,7,US
3.9,2.7,0.9,0.4,16,US
7.0,3.3,1.8,4.5,14,US
12.1,8.9,2.5,31.8,16,Out US
11.0,2.4,1.9,25.8,19,US
6.1,2.3,1.1,18.5,20,US
5.9,3.5,0.6,5.9,17,Out US
7.5,3.5,2.1,27.5,16,US
17.4,3.2,5.2,44.6,1,US
8.8,9.0,2.8,61.9,9,US
19.1,8.1,1.9,115.7,2,US
5.9,2.0,0.4,6.2,16,US
14.9,2.5,2.5,33.3,3,US
10.9,2.9,4.8,52.5,7,US
9.5,2.6,4.7,0.8,2,US
12.9,5.2,0.5,21.7,4,Out US
9.6,4.6,1.2,2.7,4,US
7.5,5.3,0.5,13.3,7,US
15.9,8.5,2.1,109.6,1,US
13.2,4.5,2.7,61.1,16,US
7.3,4.4,0.9,13.5,20,US
6.4,3.3,0.9,10.9,6,US
9.8,1.8,3.3,45.0,18,US
2.0,1.9,0.5,-0.1,20,US
4.7,4.9,0.8,26.6,11,US
7.8,6.7,0.7,46.8,8,US
11.2,8.1,2.2,118.2,10,US
6.3,2.7,1.1,9.8,9,US
6.1,4.7,1.0,3.7,11,US
30.1,6.2,5.3,214.0,3,US
7.5,6.1,0.9,17.4,5,US
14.1,2.5,2.3,12.7,7,US
16.0,4.3,1.9,53.0,6,US
11.4,1.9,5.2,17.9,4,US
10.2,7.9,2.0,46.4,2,US
18.5,3.3,6.3,66.9,9,US
3.8,1.0,1.1,0.3,13,US
10.4,4.1,1.7,17.4,2,US
4.6,1.7,3.6,1.3,18,US
14.4,8.8,2.3,58.7,14,US
3.9,3.8,1.1,4.7,16,US
8.3,7.3,1.4,22.0,12,US
8.4,2.0,2.2,0.7,11,US
5.3,3.9,1.0,-1.5,15,US
3.8,0.9,0.9,0.6,11,US
6.2,1.9,2.7,-0.2,5,US
7.2,9.0,3.2,38.0,4,US
2.9,1.0,0.7,0.2,17,US
12.8,3.1,3.5,35.8,3,US
4.7,1.8,0.6,0.8,15,US
2.8,1.0,0.8,-0.6,10,US
7.6,4.8,2.0,9.6,20,US
6.7,2.5,1.1,1.4,14,US
15.6,8.8,2.8,19.3,3,US
8.5,2.9,1.7,13.5,5,US
18.4,2.6,6.7,16.5,5,US
18.9,2.8,3.6,13.4,8,US
18.5,4.5,2.3,29.1,1,US
4.4,3.1,0.5,0.5,1,US
3.0,1.5,0.9,0.8,19,Out US
13.1,2.6,2.8,8.8,4,US
23.6,4.0,5.7,86.2,1,US
8.7,8.1,1.0,48.9,4,US
9.5,6.8,0.8,21.9,19,US
3.5,1.2,0.8,0.2,10,US
27.1,7.5,7.4,263.7,1,Out US
9.4,1.4,1.9,0.0,6,US
2.0,3.7,0.4,12.8,8,Out US
6.8,6.0,0.5,43.8,20,US
14.6,2.2,3.4,60.7,8,US
12.5,3.7,6.5,100.8,8,US
5.4,1.3,1.3,2.9,11,US
12.0,3.2,3.4,43.9,13,US
7.3,2.4,6.1,32.6,16,US
6.5,4.5,0.7,15.5,12,US
13.0,7.3,1.1,66.3,20,Out US
8.6,3.4,3.8,28.3,17,US
13.8,3.0,6.1,65.9,11,US
17.9,3.3,9.1,92.8,7,US
19.0,9.5,3.7,65.2,1,US
13.8,4.3,3.9,65.8,8,US
9.7,9.5,2.5,89.7,9,US
8.3,4.9,1.0,21.5,12,US
14.2,6.8,1.0,30.2,20,US
8.7,2.6,6.0,16.6,12,US
19.8,5.6,1.3,50.2,15,US
1.7,0.2,0.3,-0.2,15,US
3.8,3.3,0.6,6.9,15,US
15.8,4.8,3.0,35.8,8,US
5.8,6.3,1.5,29.3,2,US
8.6,5.9,1.6,11.4,3,US
15.4,2.9,2.8,32.9,1,US
4.4,4.7,1.3,4.8,18,US
12.9,5.5,3.8,37.1,7,US
6.8,2.3,1.5,4.0,10,US
6.4,2.7,1.5,7.7,18,US
25.5,3.6,9.5,37.6,5,US
9.7,3.0,4.2,2.3,9,US
10.3,5.2,2.4,44.4,13,US
6.9,4.4,0.9,17.1,17,US
5.7,4.7,0.4,14.9,12,US
4.8,3.7,0.7,13.3,6,US
5.5,5.3,0.5,28.6,15,US
5.3,4.7,0.6,14.2,9,US
4.4,3.6,0.6,11.8,12,US
12.6,6.3,8.7,138.6,2,US
7.3,1.3,1.2,1.3,19,US
19.1,5.4,4.0,43.7,4,US
14.3,4.7,3.2,35.8,4,US
8.0,4.2,1.4,3.0,6,US
7.4,4.9,0.6,1.9,8,US
5.3,1.4,0.8,0.7,20,US
12.6,10.0,1.0,19.8,7,US
13.9,6.2,3.4,109.5,8,US
4.6,3.0,0.6,17.7,16,US
2.1,1.8,0.4,0.4,17,US
11.9,6.0,1.5,105.4,4,US
6.3,1.4,2.0,2.4,15,US
15.7,3.5,1.4,84.7,9,US
13.3,2.4,5.5,86.8,11,US
5.5,4.3,1.3,10.8,4,US
20.0,5.0,3.1,67.8,1,US
18.0,3.3,3.0,75.6,9,US
19.7,3.4,2.1,75.6,11,US
15.7,6.2,1.2,20.1,14,US
24.8,4.3,4.6,44.4,13,US
17.5,3.7,4.5,31.9,7,US
5.0,3.3,0.6,8.7,15,Out US
10.9,2.8,1.3,15.4,19,US
10.9,2.9,3.8,-0.2,7,Out US
8.9,2.2,1.0,21.1,11,US
13.6,2.7,2.5,30.5,20,Out US
1.2,0.7,0.8,0.0,20,US
11.3,3.0,5.1,48.3,20,US
22.5,6.2,2.7,108.5,3,US
2.9,1.8,0.7,-1.6,5,Out US
8.6,4.7,1.6,51.6,18,US
10.1,6.1,1.1,39.4,3,US
6.1,5.1,0.6,36.4,5,US
9.3,3.0,3.2,70.5,15,US
14.3,3.5,3.8,47.2,13,US
10.9,4.5,2.0,38.8,9,US
11.9,6.5,1.6,32.8,5,US
10.1,3.4,2.0,29.5,13,US
9.8,10.3,1.0,117.0,4,US
6.7,1.9,1.7,0.1,8,US
14.6,1.9,3.5,25.2,3,US
7.9,2.1,1.4,5.6,15,US
3.0,0.9,0.7,-0.3,16,US
7.5,3.4,1.1,8.4,18,US
9.6,5.7,0.9,19.0,15,US
5.3,1.3,1.1,0.0,15,US
8.6,2.2,5.4,2.1,19,US
3.2,2.2,0.7,-0.3,5,US
7.6,5.1,1.5,6.5,9,US
8.8,6.4,1.9,1.8,5,Out US
15.8,3.7,4.5,0.4,5,US
20.0,5.0,6.5,1.1,1,US
8.1,2.9,5.2,-0.5,7,Out US
5.6,2.8,0.7,-0.4,15,Out US
10.0,2.8,2.1,19.7,12,US
4.1,2.5,0.6,0.4,18,US
6.2,3.1,1.5,6.9,8,US
11.4,3.0,1.8,43.9,8,US
12.7,12.4,1.2,75.4,9,US
14.0,3.1,3.9,11.6,8,US
13.0,8.2,2.1,50.4,7,US
5.2,2.6,0.7,4.5,15,US
12.6,2.9,3.6,28.7,15,US
6.0,4.2,0.9,7.1,2,Out US
7.1,2.2,1.1,1.8,9,US
3.6,1.0,1.9,-0.8,14,US
12.1,4.6,2.1,29.4,11,US
4.4,4.6,0.4,26.6,19,US
7.2,5.7,0.6,47.9,18,US
2.4,0.5,1.0,-0.2,19,US
16.7,6.0,4.1,99.9,3,US
8.5,2.2,2.7,32.9,10,US
17.3,2.9,2.4,55.3,11,US
10.9,3.8,1.3,9.4,19,US
7.0,4.5,1.2,41.5,11,US
16.1,2.2,4.5,86.2,18,US
11.6,3.1,1.5,20.7,20,US
9.3,3.4,1.1,42.1,8,US
7.1,5.2,0.9,44.2,9,US
14.9,2.4,1.9,72.2,18,US
19.2,3.6,9.3,80.7,2,US
17.2,3.8,3.0,44.4,12,US
11.4,1.8,5.2,24.4,17,US
9.7,4.6,1.3,8.6,4,US
4.6,1.5,2.6,-0.4,10,US
10.9,5.3,1.3,29.0,15,US
7.9,6.5,1.1,15.2,4,US
6.8,3.5,0.8,5.3,15,US
4.7,2.2,0.7,2.6,9,US
9.2,3.0,3.4,35.6,17,US
11.6,7.2,1.6,34.1,11,US
20.1,10.1,3.1,117.1,1,US
4.2,4.2,0.8,5.0,4,US
7.5,3.7,0.8,17.6,19,US
8.2,8.2,1.6,24.7,6,US
8.3,6.8,0.9,1.0,20,US
16.7,2.7,3.5,42.9,1,US
3.1,2.0,0.4,0.0,4,US
20.3,3.8,6.0,68.8,2,US
4.7,4.4,0.6,6.5,12,US
7.7,6.0,0.9,0.9,3,US
15.3,4.2,2.2,36.6,14,US
15.2,5.1,2.7,23.9,2,US
1.8,2.1,0.5,-0.5,11,US
10.1,2.3,3.2,14.9,20,US
13.4,3.1,2.0,24.4,4,US
16.1,11.0,2.9,60.8,4,US
15.3,3.0,3.7,29.8,13,US
14.9,10.5,2.4,30.8,4,US
7.8,1.8,3.0,23.7,17,US
7.7,5.1,1.2,8.0,4,US
2.6,2.1,0.1,-0.1,12,US
18.7,9.9,2.0,114.8,2,US
3.3,4.2,0.3,-1.3,18,US
6.6,5.2,1.1,6.5,11,US
8.9,7.4,0.9,5.0,2,US
1.9,1.0,0.5,-0.2,18,US
8.4,4.1,1.8,7.2,7,US
1.8,0.5,0.1,-0.1,8,US
4.7,5.5,0.6,0.0,15,US
6.8,4.1,2.0,1.9,4,US
11.6,7.1,1.6,3.6,4,US
11.9,3.3,2.7,2.0,3,US
1.1,0.2,0.3,-0.2,4,US
2.3,1.0,1.2,-1.8,14,US
19.2,8.9,1.7,58.5,8,US
4.3,1.7,0.5,0.2,20,US
9.2,5.8,3.7,4.1,19,US
11.9,3.9,1.7,10.1,7,Out US
5.9,2.1,0.7,5.0,14,US
9.1,5.6,0.7,4.3,2,US
14.0,4.9,1.8,56.0,7,US
19.6,3.5,2.3,55.2,11,US
3.5,2.9,0.7,10.4,6,US
24.8,4.7,6.4,135.2,7,US
7.1,4.3,0.7,5.8,14,US
9.7,2.1,1.7,30.5,18,Out US
2.1,1.4,0.3,0.5,9,US
6.0,3.1,0.3,6.5,9,US
6.3,7.0,0.9,30.7,11,Out US
8.3,3.1,0.8,19.7,11,Out US
11.2,4.3,2.2,58.5,3,US
17.1,5.0,2.7,59.1,5,US
10.8,7.8,1.5,50.3,14,US
16.7,4.3,3.1,125.3,5,US
4.1,4.7,0.5,18.7,8,US
3.7,3.0,0.2,2.2,11,US
10.9,6.4,1.0,60.3,1,US
4.8,5.2,0.6,3.9,16,US
15.2,4.5,5.0,61.9,3,US
10.3,5.3,0.7,32.1,16,US
8.9,4.8,0.9,8.8,17,US
9.4,8.6,0.8,56.2,11,US
17.7,3.3,8.2,85.0,14,US
21.0,3.9,3.5,79.3,5,US
6.5,3.9,1.0,4.0,14,US
3.1,2.4,0.3,-0.6,3,US
18.2,4.1,3.5,93.1,7,US
3.7,1.8,0.5,0.8,6,US
6.3,2.7,3.9,28.6,14,US
17.7,7.7,1.8,35.6,1,US
4.4,3.5,0.4,4.7,13,US
17.3,4.3,2.5,51.1,5,US
9.4,1.9,5.5,47.2,16,US
4.6,2.8,0.3,0.1,18,US
14.5,9.1,1.4,147.0,8,US
9.9,4.1,2.1,26.9,17,US
8.7,4.0,1.7,12.9,14,US
17.1,2.7,5.6,67.9,20,US
17.7,6.2,2.5,71.3,11,US
8.6,6.6,1.4,9.9,8,US
5.7,3.3,0.6,4.4,7,US
9.3,1.9,3.5,23.5,9,US
4.5,3.8,0.6,0.7,10,US
7.7,10.3,1.1,33.5,3,US
8.8,5.1,1.4,5.0,13,US
11.2,5.9,1.1,15.9,1,US
23.2,6.5,5.1,93.4,4,US
0.5,2.5,0.5,-0.1,12,US
3.6,1.9,0.8,0.2,7,US
4.6,1.1,0.8,1.0,16,US
15.0,15.0,2.7,78.0,3,US
4.7,1.6,1.4,0.4,12,US
9.0,5.9,1.1,3.7,7,US
3.3,1.5,0.8,-0.8,16,US
12.7,8.6,1.7,43.6,7,US
2.3,1.9,0.4,0.4,20,US
1.7,1.1,1.3,-0.1,15,US
30.1,22.9,4.4,247.3,3,US
3.5,2.5,0.4,0.0,11,US
11.7,4.3,7.8,33.3,5,US
4.2,1.8,0.4,-0.7,6,US
1.3,0.3,0.3,0.0,8,US
5.1,2.2,2.6,1.9,16,US
11.3,8.0,4.2,53.2,3,US
7.1,2.1,2.1,3.8,11,US
4.2,1.3,1.0,-0.7,19,US
14.4,4.1,3.7,38.9,3,US
12.2,3.8,4.6,62.7,12,US
6.3,3.2,1.8,9.0,1,US
4.5,1.3,1.0,-0.9,10,US
5.8,3.3,2.0,-1.0,4,US
7.7,2.5,2.0,2.7,9,US
5.4,3.6,1.1,2.5,19,US
22.8,8.6,2.3,108.8,3,US
2.5,1.6,0.4,0.1,15,US
9.5,6.6,2.6,4.3,4,Out US
12.3,3.8,0.7,1.5,20,US
13.3,7.6,1.4,7.5,3,US
9.4,6.2,1.1,3.8,17,US
19.8,4.1,3.3,5.6,2,Out US
5.4,3.0,0.8,5.4,18,US
10.1,3.6,1.6,26.8,12,US
0.0,0.0,0.0,0.0,16,US
10.4,5.7,1.0,14.7,18,US
12.0,4.4,1.5,39.3,14,US
6.7,3.9,1.0,31.9,14,US
15.8,5.6,2.0,61.0,8,US
19.0,9.2,1.6,65.9,1,Out US
7.1,2.6,0.9,8.7,15,Out US
12.6,4.0,2.0,83.0,13,US
3.6,3.7,0.9,20.1,18,US
3.9,6.2,0.4,23.0,9,US
15.4,2.9,2.6,9.6,14,US
4.4,1.2,2.2,2.4,16,US
1.9,1.9,0.3,0.0,18,Out US
7.0,4.8,2.1,66.3,11,US
2.8,1.9,0.3,-0.1,20,US
5.2,3.6,0.4,2.0,12,US
7.1,2.4,0.7,2.7,16,US
9.1,3.5,1.7,20.8,20,US
7.0,1.8,1.1,3.1,19,US
21.8,11.1,2.5,162.8,1,US
15.4,8.8,2.3,20.1,1,US
11.7,6.6,3.6,56.0,3,US
11.6,2.6,1.4,13.4,16,US
1.4,1.8,0.1,-0.2,17,Out US
10.7,2.3,7.0,53.7,1,US
8.1,5.6,0.9,27.6,11,US
11.5,5.5,2.4,73.7,5,US
8.3,4.0,2.7,13.8,6,US
7.8,5.9,1.5,23.0,20,US
8.4,5.4,1.3,4.6,7,US
17.4,8.1,2.0,70.4,2,US
17.9,2.1,4.4,84.1,18,US
12.6,4.2,2.0,33.3,6,US
21.0,12.5,1.8,120.8,1,US
7.4,4.5,1.0,6.2,15,US
7.4,1.6,1.7,4.5,7,US
8.4,4.1,1.7,0.4,7,Out US
15.8,4.0,1.7,3.2,6,US
8.2,2.8,1.4,1.6,13,US
4.9,3.4,0.9,9.1,18,Out US
3.3,1.9,0.3,2.7,18,US
14.1,3.9,4.1,19.9,20,US
13.9,6.8,1.2,44.0,11,US
20.0,6.4,3.0,99.3,15,US
20.8,6.3,3.7,88.5,10,US
6.7,4.2,0.4,20.2,13,US
8.4,2.1,2.9,18.6,11,US
5.6,3.0,0.7,6.7,17,US
16.8,4.9,1.9,48.5,17,US
7.5,2.2,2.3,16.5,14,US
6.8,4.0,1.0,27.6,12,US
7.4,7.1,0.8,52.7,10,US
7.5,2.2,1.0,31.0,15,US
2.0,2.0,0.2,0.3,14,US
10.1,3.2,1.7,17.1,14,US
8.0,7.9,0.9,86.9,13,US
9.0,3.1,2.3,24.6,7,US
14.8,6.1,1.4,56.6,2,US
18.2,3.0,3.0,174.4,11,US
14.7,5.1,2.8,38.9,4,US
15.3,6.1,1.3,45.7,2,US
11.3,3.4,4.8,52.0,18,US
13.2,7.8,2.3,30.4,2,US
18.9,9.5,2.9,20.9,8,US
10.8,5.9,1.7,36.1,14,US
5.2,1.8,1.9,16.5,13,US
7.6,4.7,1.2,15.8,3,US
14.8,6.0,2.5,18.2,12,US
4.0,1.6,1.0,-0.2,13,US
7.5,6.0,1.2,27.6,8,US
19.0,8.0,4.0,81.1,1,US
15.7,2.3,2.8,41.1,7,US
11.9,4.2,1.2,6.1,14,US
1.1,0.5,0.4,-0.1,12,Out US
6.3,2.4,3.0,29.9,4,Out US
11.2,7.6,1.3,24.6,6,US
8.2,4.9,0.7,26.9,8,US
5.3,3.2,0.7,4.0,12,US
8.2,9.0,0.8,102.1,2,Out US
10.1,4.9,1.9,9.5,3,Out US
10.3,4.7,1.5,32.8,18,US
13.3,8.4,3.7,77.0,4,US
8.3,6.8,0.7,2.5,1,US
11.0,4.6,1.2,9.9,14,US
8.0,6.4,0.8,30.5,7,US
12.0,7.5,1.3,69.8,2,US
11.3,4.1,1.3,19.8,7,US
8.0,1.5,2.6,7.3,13,US
2.4,0.6,1.7,0.6,16,US
5.5,1.5,0.9,0.1,8,US
10.1,7.1,0.9,35.8,13,US
7.0,2.8,1.3,34.8,2,US
14.0,5.2,2.3,55.1,1,US
14.7,3.6,2.9,90.6,6,US
12.5,4.0,2.5,26.0,4,US
4.2,3.3,1.0,3.5,13,US
13.5,6.1,2.1,27.1,19,US
11.4,7.5,1.3,32.7,3,US
5.6,1.3,1.5,-2.7,8,US
7.3,7.6,0.9,74.4,14,US
14.1,2.8,2.5,75.2,4,US
16.4,7.3,1.9,91.1,2,US
18.1,6.1,2.1,79.0,8,US
12.8,6.3,2.6,16.5,9,US
24.3,5.7,3.0,134.2,6,US
8.1,4.0,1.1,27.2,9,US
9.6,2.0,5.1,2.5,3,US
22.1,9.4,2.3,89.1,2,US
3.1,0.8,1.0,0.0,15,US
13.4,10.6,1.4,34.7,3,US
9.4,2.1,1.6,-3.5,19,US
6.9,5.3,1.7,4.8,15,US
1.6,0.6,0.4,-0.5,17,US
14.3,4.1,1.5,7.6,4,US
11.9,5.7,6.2,11.4,2,US
19.4,5.2,4.3,27.2,2,US
17.8,3.4,5.8,24.6,2,US
19.1,9.4,3.7,43.3,7,US
5.3,2.4,1.8,0.1,19,US
11.5,7.7,1.2,37.4,10,Out US
14.8,4.0,2.9,100.6,10,US
6.6,5.0,1.4,32.3,12,US
9.7,2.6,2.4,30.7,15,US
17.6,5.1,3.0,81.2,1,US
9.6,2.1,1.2,15.1,19,US
19.5,7.2,11.2,155.8,1,US
3.2,0.6,0.7,0.4,14,US
11.6,7.4,1.4,33.6,6,US
8.2,1.8,4.9,53.6,15,US
11.2,6.3,2.3,13.4,2,US
13.6,3.5,2.4,45.0,8,US
16.2,2.6,4.1,38.6,12,US
9.2,8.3,1.4,36.0,5,US
3.6,1.5,0.2,0.4,13,US
10.0,3.1,3.7,19.7,16,US
8.3,3.0,3.9,29.1,13,US
13.8,5.3,2.5,46.0,13,US
7.0,1.6,2.0,-1.0,12,US
9.0,8.3,1.4,14.6,15,US
5.7,5.5,1.3,5.2,11,US
8.1,3.1,0.8,2.8,7,US
5.1,3.9,0.8,13.5,17,US
18.6,3.2,4.7,76.3,10,US
2.0,1.5,0.4,-0.6,19,US
12.6,3.0,4.9,30.3,5,US
3.0,1.8,0.4,0.0,14,US
2.0,0.0,0.0,0.0,8,US
7.2,2.5,2.3,17.7,14,US
1.4,0.4,0.7,-0.1,17,US
9.7,8.3,1.3,46.3,8,US
4.2,7.3,0.8,8.4,17,US
1.9,2.5,0.4,-0.5,5,US
27.0,5.8,6.7,162.6,2,US
8.7,6.0,1.1,24.1,4,US
15.6,9.4,2.1,61.4,12,US
2.8,2.5,1.1,-0.3,20,US
27.4,13.5,4.3,104.2,1,US
4.5,3.4,0.5,0.9,9,US
5.1,5.2,0.7,3.1,17,US
8.0,6.2,0.8,12.4,3,US
8.0,4.5,1.6,2.8,3,US
2.3,1.1,0.4,0.0,19,US
13.3,4.2,2.6,25.6,6,US
7.0,2.5,2.4,1.9,14,US
7.1,5.7,1.5,5.3,9,US
8.1,2.5,2.2,8.2,18,US
3.9,3.0,0.9,-1.6,9,US
3.0,0.6,0.6,0.0,18,US
17.0,9.5,1.6,70.6,10,US
8.2,3.3,2.6,14.3,10,US
5.0,5.3,1.2,15.1,20,US
5.2,2.3,2.1,3.8,11,US
11.7,3.6,1.4,14.9,17,US
22.5,4.8,7.4,20.5,2,US
17.6,5.5,1.4,22.4,4,US
3.1,1.2,1.4,-0.3,17,US
5.7,1.9,0.6,0.8,12,US
2.2,2.7,0.1,4.8,2,US
16.5,10.1,2.3,94.5,5,US
14.4,3.0,5.7,100.5,4,US
9.4,4.0,0.8,20.4,19,US
5.9,1.5,2.1,6.6,13,US
11.0,7.1,1.1,43.9,4,US
8.6,4.2,1.8,75.7,6,US
8.4,4.6,0.5,21.3,2,US
18.1,5.6,6.0,54.1,2,US
14.7,3.1,5.5,73.2,2,US
7.6,1.8,3.4,47.0,4,US
18.1,7.5,2.5,71.2,3,US
12.5,6.9,1.6,13.0,6,US
11.9,3.8,2.6,4.0,18,US
7.8,5.7,1.0,9.5,20,US
18.1,4.9,3.6,12.5,13,US
15.4,8.7,3.5,50.1,14,US
8.2,5.1,2.6,8.2,10,US
12.4,4.7,1.3,15.6,2,US
6.1,3.4,0.7,14.1,20,US
8.4,3.8,1.5,25.9,19,Out US
22.0,4.7,5.4,120.7,5,US
14.1,5.0,2.3,50.9,10,US
8.1,6.6,1.1,64.2,10,US
7.8,2.1,3.2,8.4,12,US
9.0,2.2,1.2,4.2,12,US
14.3,3.2,3.1,83.7,5,US
10.3,2.9,1.2,9.1,9,US
3.4,0.9,0.7,0.2,15,US
18.3,4.4,2.1,88.7,4,US
14.7,9.5,1.3,37.3,9,US
10.9,2.7,2.7,12.5,20,US
10.6,4.4,2.8,20.0,17,US
4.4,3.1,0.7,2.9,17,US
4.6,2.8,0.6,6.6,10,Out US
3.0,1.1,0.5,-0.6,17,US
14.1,5.5,2.0,13.8,2,US
23.4,9.8,4.9,109.3,15,Out US
7.6,5.3,1.1,20.7,14,US
6.0,1.0,1.4,2.2,10,US
6.4,5.7,0.7,10.3,15,US
14.1,3.0,5.7,29.9,10,Out US
4.2,1.8,0.7,0.5,8,US
7.9,4.9,0.7,3.1,6,Out US
9.6,8.7,2.2,50.6,1,US
11.2,3.1,5.8,16.9,8,US
3.5,1.5,0.2,0.5,13,US
5.6,2.9,0.3,1.9,15,US
20.7,7.5,2.4,206.3,9,Out US
7.3,2.6,0.8,18.7,19,US
8.2,7.2,0.7,22.3,10,US
19.3,3.0,7.6,77.5,4,US
8.6,4.5,1.0,23.2,11,US
20.7,6.1,2.7,39.8,1,US
3.9,3.1,0.5,1.1,18,US
15.0,7.4,1.9,47.0,8,US
12.3,3.4,1.5,17.5,8,US
3.3,1.1,0.4,-0.1,18,US
10.6,5.4,1.3,33.3,16,US
7.4,3.0,1.4,9.0,13,US
6.8,4.4,0.9,20.9,18,US
10.6,3.9,5.1,49.0,20,US
15.6,4.7,3.6,90.3,5,US
9.1,5.6,1.8,14.1,12,US
9.1,5.7,1.8,33.6,1,US
20.1,7.0,3.6,79.8,3,US
7.4,2.6,2.0,25.0,11,US
8.2,2.7,4.3,24.7,7,US
8.0,1.7,3.0,5.3,18,US
12.2,10.8,2.0,36.9,16,US
2.9,1.2,0.7,0.5,6,US
22.0,6.7,3.9,106.2,12,US
3.2,2.0,0.7,1.2,16,US
24.6,11.2,3.6,273.4,1,US
2.6,1.5,0.9,-0.1,17,US
6.2,3.9,0.3,-0.9,7,US
6.9,2.7,1.1,1.5,19,US
22.9,5.2,4.1,16.5,1,US
7.5,4.6,1.9,-0.2,17,Out US
11.7,3.9,1.7,17.7,11,US
6.3,3.0,1.2,10.3,20,US
18.1,7.3,1.5,31.0,7,US
7.9,3.3,4.2,7.7,5,US
22.9,10.8,3.2,75.0,1,US
20.5,4.1,3.9,32.2,13,US
9.6,1.8,3.1,12.9,9,US
8.9,4.0,0.7,14.1,2,US
7.3,3.8,1.1,7.1,20,Out US
7.0,3.2,1.1,10.7,4,US
4.8,2.2,0.6,7.2,16,US
10.8,4.1,7.4,42.3,5,Out US
9.2,1.9,3.9,-1.1,6,US
12.7,2.7,6.0,42.1,18,US
13.8,3.1,2.9,21.8,3,US
8.7,2.8,1.5,22.5,7,US
18.8,4.3,4.7,37.4,6,US
10.0,2.0,1.3,3.6,14,US
14.1,4.0,2.4,53.3,6,US
2.7,0.7,1.4,-0.9,14,US
6.8,5.1,1.0,39.9,17,Out US
1.8,1.1,0.2,-0.1,20,US
18.9,4.1,3.4,145.1,5,US
17.8,10.0,3.7,191.4,5,Out US
11.2,6.7,1.4,59.0,4,US
16.7,3.8,2.7,22.8,5,US
12.8,6.7,2.6,64.9,3,US
7.2,4.9,1.5,17.5,7,US
5.2,5.4,0.3,20.9,6,US
7.7,2.5,1.5,1.8,20,US
11.1,2.8,6.5,26.7,10,US
7.8,2.2,1.0,1.3,14,US
4.8,3.5,2.5,4.2,8,Out US
7.5,2.6,1.2,2.6,10,US
5.2,1.3,1.8,1.3,13,US
24.7,6.5,4.1,21.7,1,US
15.5,4.2,2.6,24.9,6,US
7.1,6.1,1.1,28.3,6,US
24.1,10.6,2.5,112.1,1,US
8.5,2.0,2.1,15.2,10,US
3.1,3.3,0.5,9.6,11,US
3.9,2.3,0.8,3.9,13,US
3.0,2.6,0.3,3.9,12,US
2.2,1.9,0.2,0.1,15,US
17.5,4.5,9.4,209.4,4,US
12.4,3.1,2.1,46.3,18,Out US
13.6,6.4,2.2,85.9,18,US
4.5,2.2,1.2,0.9,11,Out US
2.7,2.0,0.3,0.7,19,US
7.9,3.2,1.1,12.3,8,US
18.4,5.4,2.9,10.9,3,US
7.4,2.9,0.7,0.7,9,US
4.8,1.8,2.2,0.3,8,Out US
19.7,7.9,1.8,42.7,4,Out US
7.2,3.3,1.8,12.9,17,US
7.9,5.8,0.8,16.4,8,US
14.9,4.7,1.9,65.4,6,Out US
4.0,3.5,0.6,7.2,20,US
8.7,4.5,1.0,38.9,8,US
6.5,4.5,0.6,7.8,9,US
11.3,6.0,1.8,73.3,7,Out US
7.6,2.8,0.7,6.4,18,US
5.2,2.6,1.1,13.7,19,US
8.2,1.5,1.7,27.7,20,US
7.3,1.9,4.0,35.9,12,US
4.0,2.5,0.6,1.7,17,US
13.2,3.7,7.3,85.8,19,US
9.6,3.8,8.0,91.8,18,US
7.0,4.0,0.7,17.9,5,US
21.0,9.8,1.9,126.4,1,US
8.9,4.4,4.6,27.4,12,US
8.2,2.0,2.0,34.3,6,US
14.0,2.3,2.3,34.6,12,US
13.2,6.3,1.4,72.8,3,US
4.7,3.9,0.5,1.4,9,US
14.8,5.5,7.0,35.2,4,US
15.5,3.6,5.8,37.1,10,US
2.5,1.4,0.3,-0.1,9,US
5.3,4.3,0.9,0.3,14,US
2.7,1.7,0.3,0.4,8,US
6.1,2.6,2.5,16.6,16,US
3.3,1.3,0.7,0.5,17,US
6.0,2.3,1.9,4.3,11,US
4.0,2.5,0.7,3.2,10,US
18.9,5.9,6.1,113.5,5,US
6.7,4.3,1.1,29.3,17,US
15.1,3.8,2.2,51.7,1,US
3.5,2.1,0.5,-1.2,11,US
12.4,3.2,3.4,38.8,2,US
9.3,4.7,1.7,20.3,5,US
16.4,4.1,3.3,75.2,13,US
8.8,6.5,0.8,14.2,1,US
18.7,12.9,1.8,74.9,10,US
10.2,2.4,4.0,5.0,15,US
10.3,2.8,2.4,4.0,1,US
5.8,1.2,1.2,0.0,10,US
6.3,7.1,0.7,-1.1,2,US
6.3,3.1,0.5,1.0,11,US
3.1,1.6,0.7,-0.6,2,US
3.4,2.4,1.7,-0.5,15,US
7.2,7.6,1.8,30.1,3,US
7.1,4.6,1.0,11.7,10,US
4.6,1.4,2.6,1.9,19,US
11.6,8.6,1.4,58.0,6,US
6.7,4.6,1.3,6.3,3,US
2.5,1.9,0.4,-0.1,4,US
1.8,1.2,1.6,-0.6,5,US
4.0,2.4,1.1,-0.4,13,US
1.3,2.9,0.0,-0.3,4,US
1.3,1.3,0.2,0.0,12,US
13.9,7.8,1.6,55.8,5,US
4.3,2.4,1.2,0.6,8,US
17.3,5.0,5.0,69.2,17,US
10.4,11.3,1.1,24.0,8,US
1.5,0.5,0.8,-0.6,11,US
3.9,4.3,0.5,0.8,6,US
2.9,2.7,0.8,-0.3,6,US
3.6,2.4,0.7,-0.4,19,US
8.8,6.9,1.1,4.9,12,US
16.5,7.9,2.4,8.9,2,US
16.5,4.2,3.9,12.9,12,US
13.9,7.3,5.7,8.6,6,Out US
14.9,7.9,3.8,14.2,16,Out US
9.1,2.8,2.2,1.8,18,US
7.9,2.1,3.3,11.7,14,US
9.2,8.2,1.5,59.3,12,US
13.7,3.9,4.7,46.1,18,US
24.1,5.6,7.1,166.4,3,US
21.7,7.1,8.1,110.6,4,US
27.3,7.0,4.4,170.2,2,US
2.2,1.6,0.0,0.3,10,Out US
4.3,3.9,0.2,1.7,12,Out US
5.9,5.2,1.0,44.5,12,US
9.3,2.3,4.5,36.0,14,US
8.0,3.8,1.4,26.5,12,Out US
12.1,4.5,1.6,23.1,17,US
16.0,4.9,2.1,62.2,13,US
7.4,4.3,0.6,11.1,11,US
11.2,4.1,3.6,55.7,17,US
1.9,1.0,0.3,0.2,14,US
16.3,3.9,6.7,145.5,2,US
10.5,1.9,3.3,49.6,16,US
14.6,8.4,1.6,89.5,17,US
7.9,2.3,5.5,12.0,15,US
16.1,6.4,5.2,125.1,5,US
11.0,4.7,2.4,61.8,9,US
15.6,6.1,2.0,47.8,4,US
7.7,1.1,2.9,8.9,16,US
5.1,3.9,1.2,15.3,5,US
7.2,2.8,2.8,24.7,20,US
8.8,5.0,0.8,16.3,6,US
12.0,3.2,3.3,50.8,7,US
15.6,9.8,3.2,112.5,8,US
10.1,4.2,3.4,8.2,11,US
4.1,4.1,2.1,2.7,19,US
5.0,0.9,1.1,-0.1,12,US
9.4,6.3,1.3,22.9,3,US
8.4,5.4,1.4,10.9,4,US
7.7,2.8,0.7,0.7,7,US
3.9,2.8,0.5,0.6,18,US
14.6,2.7,3.3,63.2,6,US
3.5,3.8,0.7,2.0,6,US
4.1,0.6,1.1,0.7,20,US
13.4,3.1,4.5,42.0,3,US
11.5,7.0,2.7,31.5,3,US
9.1,2.4,2.7,-1.7,16,US
9.5,5.0,0.9,7.2,6,US
17.4,8.3,1.5,22.7,19,US
4.6,2.0,1.3,1.6,6,US
1.6,0.4,0.3,0.0,11,US
21.3,6.9,4.6,7.6,1,US
11.5,3.2,3.2,4.5,5,US
17.8,4.6,3.4,15.7,8,US
13.4,4.6,4.1,8.9,15,US
6.3,3.7,1.5,4.4,16,US
7.0,5.5,0.9,14.6,6,US
8.4,5.1,0.9,10.6,6,US
15.7,10.3,4.8,59.8,11,US
6.9,3.1,1.3,3.2,5,Out US
13.5,6.3,2.7,42.6,4,US
10.6,5.4,1.9,20.9,12,Out US
16.9,4.5,3.9,25.6,2,US
6.0,3.0,0.4,3.8,19,US
12.8,2.0,2.0,63.7,11,US
15.7,11.8,1.3,141.7,1,Out US
1.7,0.7,0.7,-0.6,15,US
3.1,3.3,0.8,1.0,18,US
4.5,3.2,0.2,10.6,15,US
10.6,4.2,2.6,60.7,5,US
7.0,1.3,2.2,18.5,10,US
9.0,2.2,1.2,4.1,13,US
4.9,3.3,0.6,12.7,12,US
8.2,5.9,0.9,18.2,13,US
11.5,5.1,1.4,41.9,15,US
4.7,2.2,0.5,0.1,17,US
20.7,9.8,4.2,84.7,1,US
23.7,10.9,2.5,181.7,1,US
11.0,6.2,1.1,22.8,10,US
12.9,2.8,2.1,33.4,4,US
14.4,5.1,2.6,55.3,11,US
14.3,4.1,2.6,36.3,10,US
11.1,3.4,4.6,8.5,1,US
14.4,7.8,7.4,33.6,1,US
10.4,4.7,0.9,7.2,3,US
27.9,11.2,3.6,63.5,3,US
10.1,4.0,5.7,15.8,10,US
10.2,4.3,4.3,6.6,11,US
6.9,3.5,0.9,23.0,15,US
17.1,10.5,2.8,72.6,16,US
9.7,4.6,3.5,20.2,2,US
16.1,4.2,6.4,69.4,17,US
7.9,4.1,0.7,25.8,16,US
12.1,5.6,1.8,71.9,12,US
5.7,3.7,1.4,39.3,13,Out US
11.3,4.9,4.2,100.4,9,US
6.1,2.4,1.5,5.7,16,Out US
9.3,2.5,4.3,14.2,20,US
14.1,4.2,3.1,32.3,8,US
16.0,6.8,1.6,41.7,2,US
26.7,3.7,6.2,99.0,1,US
16.9,3.2,3.3,52.4,3,US
9.7,5.0,0.6,1.4,6,US
3.5,1.1,3.2,-0.7,20,US
8.1,6.3,0.7,40.7,2,US
11.5,7.5,1.5,58.4,9,US
3.5,1.2,0.4,-0.1,19,US
14.4,5.8,1.4,40.9,3,US
3.3,2.4,0.4,1.0,16,US
22.1,11.7,3.9,177.2,5,US
6.4,1.2,3.2,6.7,10,US
1.5,1.1,1.0,-0.1,17,US
15.9,2.2,4.2,26.9,8,US
9.7,2.5,2.2,12.3,16,US
3.1,2.2,0.7,0.2,20,US
10.7,2.1,2.4,7.3,12,US
12.0,6.1,1.3,46.4,5,Out US
9.2,5.5,1.5,4.4,2,US
5.2,0.6,0.9,0.0,19,US
17.9,3.2,3.3,38.0,1,US
8.5,1.6,3.0,1.4,5,US
4.0,3.0,0.2,0.7,12,US
3.5,1.4,0.6,0.7,13,US
6.7,3.4,1.8,-0.1,14,US
2.0,2.5,0.3,0.0,12,US
5.8,2.0,3.0,26.7,9,US
4.4,1.4,1.4,1.0,19,US
20.8,10.1,4.0,63.2,7,US
1.0,1.8,0.2,0.0,16,US
9.9,8.8,1.6,22.3,4,US
3.5,4.3,0.6,0.6,7,US
9.5,5.3,0.7,19.0,5,US
18.2,7.1,2.1,117.4,14,US
6.1,5.3,0.7,8.0,6,US
16.8,6.3,1.2,8.2,5,US
15.8,2.9,2.8,68.7,5,US
4.4,4.1,0.9,2.3,13,US
10.0,6.7,1.5,13.3,6,US
19.2,5.0,4.0,102.7,14,US
1.3,0.7,0.0,-0.1,7,US
7.0,4.4,1.0,4.2,5,US
10.1,4.8,2.0,14.2,7,US
13.8,11.2,2.2,61.8,6,US
6.5,2.5,1.8,8.2,15,US
4.4,3.8,0.4,0.1,7,US
2.6,3.4,1.2,0.2,16,US
3.7,2.6,0.8,0.5,8,US
1.3,1.8,0.7,-0.5,5,US
3.2,1.8,0.8,-0.1,15,US
6.1,3.9,1.0,3.0,12,US
8.5,5.2,0.8,9.1,10,US
6.5,2.8,1.2,-0.1,6,US
16.7,10.5,1.6,34.8,1,US
3.7,1.2,0.9,0.0,16,US
11.3,4.0,1.8,-1.7,4,US
5.4,3.9,1.3,0.5,4,Out US
4.1,3.2,0.7,0.4,13,Out US
24.3,4.0,5.0,45.1,13,US
14.3,3.9,1.2,20.9,14,US
4.2,1.3,1.9,1.3,18,US
7.0,5.5,0.9,23.2,5,US
5.0,1.6,4.9,1.0,13,US
10.3,4.9,1.5,27.4,13,US
4.4,3.0,0.5,2.9,14,US
8.4,4.7,0.8,49.6,15,US
14.8,6.1,2.3,74.0,7,US
4.3,2.1,0.6,1.1,17,Out US
18.9,7.8,1.2,92.5,9,Out US
15.2,8.7,1.9,124.9,9,US
14.3,3.0,8.5,129.7,15,US
6.8,4.0,0.9,14.6,7,US
11.4,4.5,2.9,78.5,14,US
13.7,6.9,1.2,58.1,2,US
4.1,2.4,0.5,0.9,6,US
6.8,5.0,0.9,42.7,10,US
11.1,2.5,5.5,45.0,13,US
2.8,1.2,0.5,1.3,15,US
17.1,8.0,2.6,109.6,20,US
5.7,2.2,1.6,4.2,19,US
18.9,3.0,3.8,76.9,5,US
7.3,2.7,3.8,10.7,10,US
14.1,7.0,4.1,73.5,4,US
13.3,2.6,4.3,32.0,16,US
12.3,7.5,1.8,24.5,4,US
12.1,6.4,2.3,34.8,8,US
5.3,3.6,1.1,14.4,4,US
8.4,1.1,4.0,5.4,14,US
3.4,2.5,0.6,0.6,10,US
12.6,7.7,2.1,30.3,2,US
9.8,7.0,1.5,2.6,8,US
14.0,3.1,5.4,-1.7,3,Out US
11.6,3.5,1.7,1.7,7,US
9.3,7.6,1.2,11.1,16,US
6.0,2.3,1.0,5.3,15,US
5.4,3.5,1.1,3.1,20,US
19.5,3.6,3.8,50.5,10,US
25.1,4.2,6.7,110.8,6,US
5.6,3.9,0.9,15.8,11,US
6.8,2.9,1.0,11.2,13,US
8.0,6.2,0.5,7.3,1,US
7.7,4.8,0.9,13.0,4,US
8.7,3.1,1.0,24.7,6,Out US
7.4,1.6,3.5,5.0,13,Out US
16.6,9.1,1.8,81.1,19,US
5.2,3.4,0.8,2.8,18,Out US
13.2,7.2,1.4,66.0,17,Out US
4.9,1.3,1.0,2.1,8,US
7.4,3.3,2.7,40.0,17,US
2.0,0.6,0.3,-0.2,17,US
14.1,4.7,1.4,8.2,14,US
10.9,7.5,2.1,26.9,2,US
5.3,1.7,1.3,3.4,19,US
20.4,6.1,5.6,135.6,14,US
13.9,6.0,6.2,61.2,11,US
5.1,1.5,0.9,5.2,15,US
8.7,2.1,5.0,22.1,16,US
7.3,1.9,4.0,6.3,10,US
14.3,2.0,2.9,53.7,12,US
13.7,7.4,2.3,59.1,1,US
11.9,1.9,1.8,17.3,7,US
2.4,1.0,0.3,0.0,19,US
7.0,3.1,1.5,12.9,5,US
4.4,3.5,0.6,5.5,20,US
11.6,2.4,4.5,22.9,6,US
13.3,10.5,3.4,39.3,1,US
6.0,4.1,1.9,15.1,20,US
5.3,4.6,0.7,1.9,1,US
1.8,0.6,0.2,-0.3,14,US
16.8,8.7,3.2,42.4,2,US
21.8,2.8,4.6,26.1,8,US
13.7,5.0,1.4,9.5,4,US
7.4,1.6,2.8,3.0,9,US
17.2,3.7,8.7,27.2,12,US
13.0,7.0,0.9,12.0,2,US
21.2,3.8,6.1,29.6,5,US
8.3,4.9,1.8,9.2,10,US
7.6,4.7,1.0,6.5,8,US
8.7,5.9,1.4,23.3,6,US
6.7,2.0,1.5,3.9,8,US
9.0,2.3,1.0,9.0,7,US
4.9,4.8,0.6,4.6,5,US
5.1,5.9,0.7,32.4,7,Out US
19.6,10.2,3.0,46.8,5,US
15.7,4.6,4.8,28.4,4,US
8.9,6.6,1.1,23.8,12,US
8.7,5.7,1.9,22.6,10,US
4.1,1.1,0.7,0.0,19,US
11.1,4.0,2.8,63.3,16,Out US
10.5,2.3,5.9,38.5,7,US
7.8,3.3,1.1,3.5,11,US
17.0,4.7,1.8,82.6,14,Out US
11.1,3.9,1.2,34.7,13,US
10.5,7.4,1.2,54.5,8,US
3.8,1.1,3.3,-1.2,7,US
11.8,3.9,2.3,33.9,7,US
11.7,6.7,2.8,28.6,3,US
12.8,6.2,3.3,16.9,7,US
11.1,2.0,2.8,2.4,14,US
4.9,4.2,0.4,15.8,18,US
9.5,6.7,1.5,21.8,1,US
11.0,3.1,1.3,2.4,18,US
12.8,2.0,5.5,46.8,6,US
9.0,4.5,2.1,10.0,17,US
4.8,4.1,0.6,19.1,6,US
14.0,8.2,2.2,106.4,9,US
5.6,1.8,4.6,9.6,13,US
7.9,6.8,1.2,35.0,5,US
5.4,1.4,1.2,4.6,17,US
11.7,5.5,1.2,26.9,7,US
5.9,2.3,1.2,2.4,17,US
5.8,2.1,1.2,1.3,16,US
8.9,6.2,1.6,24.8,18,US
11.6,1.8,6.4,23.3,2,US
18.0,3.0,3.2,48.2,2,US
9.8,6.3,1.2,10.8,3,US
10.5,6.1,1.1,23.3,10,US
2.5,1.2,0.4,0.5,13,US
13.2,4.8,2.0,53.7,6,US
10.3,7.0,1.6,13.0,7,US
3.3,1.4,1.9,0.9,20,US
2.4,0.8,0.0,-0.1,19,US
4.0,1.9,0.5,0.6,4,US
10.3,9.7,3.7,50.9,5,US
18.8,2.3,7.4,83.4,19,US
10.8,3.8,3.8,20.8,8,US
9.0,8.0,1.2,17.5,5,US
3.5,3.1,0.5,0.0,9,US
8.5,5.5,0.7,9.5,6,US
2.9,3.3,0.7,1.3,9,US
14.5,2.6,3.1,31.3,18,US
5.4,5.2,0.7,0.5,8,US
3.3,2.4,1.0,-0.6,5,US
17.0,15.6,3.3,98.4,6,US
4.3,3.0,0.8,3.4,15,US
10.8,2.8,3.5,33.1,3,US
2.0,1.9,0.4,-0.7,16,US
25.7,7.5,9.5,189.2,1,US
3.7,1.0,1.2,0.1,9,US
8.0,1.7,2.8,0.4,17,US
14.8,8.1,1.4,64.2,1,US
8.1,4.8,0.7,5.4,2,US
5.5,2.4,1.4,0.2,10,US
11.5,4.7,3.5,7.9,18,US
8.4,3.3,3.4,4.3,1,US
3.9,1.6,1.4,0.2,9,US
3.3,1.7,0.7,0.0,17,US
9.2,4.3,3.3,11.1,1,US
5.7,4.4,0.6,1.9,9,US
7.2,4.3,1.2,7.0,17,US
16.4,17.3,5.3,16.1,2,US
19.2,6.6,2.3,75.0,10,US
8.6,5.2,1.9,9.8,18,US
5.7,2.9,1.1,4.1,7,US
3.3,3.2,0.5,0.0,16,US
8.3,2.6,2.9,3.5,5,US
1.6,1.7,0.5,-0.4,14,US
2.2,1.0,0.6,0.2,8,US
1.3,1.5,0.6,-0.4,18,US
2.4,2.0,0.5,-1.3,10,US
21.4,10.6,3.9,3.7,1,Out US
11.3,5.9,3.0,1.5,9,US
9.7,2.3,2.0,-0.4,20,US
5.7,2.3,1.8,-0.3,12,US
13.6,3.7,2.5,9.7,11,US
4.5,2.4,0.6,0.0,19,Out US
9.8,2.3,1.5,4.6,18,US
5.8,2.3,1.2,3.3,20,US
19.0,10.8,3.0,206.4,1,US
9.0,2.5,0.8,24.1,18,US
14.2,4.3,2.6,55.7,3,US
12.2,3.8,3.8,27.9,10,US
21.1,10.6,2.5,178.7,1,US
11.1,2.5,5.5,21.8,10,US
5.2,1.7,0.9,-0.5,14,US
14.0,5.2,5.0,52.1,7,US
7.2,1.2,3.6,36.3,19,US
8.4,4.1,0.9,11.0,15,US
3.5,3.5,0.6,0.3,19,US
5.1,1.9,1.0,0.5,20,US
8.5,2.2,1.1,0.3,13,US
16.6,7.4,4.7,15.9,4,US
8.3,6.7,1.7,38.7,9,US
7.0,3.1,3.1,28.2,20,US
4.2,2.6,0.7,1.5,20,Out US
11.0,2.8,1.3,25.0,8,US
13.4,9.5,1.3,80.3,5,Out US
5.9,6.4,0.7,43.3,13,US
21.2,4.4,4.1,101.4,9,US
10.0,6.3,1.3,35.9,17,US
14.3,4.6,1.2,18.9,1,Out US
10.4,4.6,0.8,22.6,7,US
5.9,2.8,0.5,7.8,16,US
2.8,2.8,0.3,-0.4,8,US
19.2,8.5,2.0,106.0,4,US
6.4,1.7,1.0,1.7,20,US
2.8,3.4,0.5,2.0,17,US
5.5,2.2,0.6,3.8,5,Out US
1.7,2.4,0.5,-0.4,12,US
18.5,7.5,1.6,87.8,4,US
19.6,5.6,4.4,97.3,9,Out US
9.5,9.8,1.9,81.6,2,US
13.4,3.5,6.1,55.4,7,US
7.3,4.6,0.8,1.2,9,US
13.0,2.8,4.4,-0.3,16,US
10.1,3.6,1.7,11.5,12,US
7.7,4.3,1.1,19.4,12,US
6.1,2.0,2.2,5.9,5,Out US
9.0,2.8,0.5,8.5,14,US
11.2,7.8,0.9,52.8,3,Out US
10.8,3.4,2.0,30.0,12,US
15.2,4.4,3.5,63.4,9,US
4.3,1.3,2.8,3.3,20,US
7.8,2.8,1.6,30.4,14,US
16.3,3.1,8.1,77.3,3,US
6.7,5.4,0.7,30.3,14,US
6.3,2.3,1.1,4.5,16,US
4.9,1.8,0.9,7.0,19,Out US
2.3,2.2,0.2,-0.4,19,US
3.6,1.3,0.6,0.8,19,US
1.3,0.7,0.0,-0.1,18,US
4.1,3.2,0.5,6.2,17,US
2.9,1.1,0.3,0.0,15,US
11.7,2.4,1.8,41.5,15,US
25.0,10.1,3.6,234.6,13,US
13.1,2.7,10.5,207.7,16,US
12.8,5.1,1.4,45.0,7,US
24.8,6.7,2.5,117.5,3,US
7.7,5.0,1.1,48.8,13,US
16.2,3.3,2.1,22.0,2,US
3.5,1.1,2.0,-0.8,19,US
5.7,5.3,1.3,6.3,11,US
7.6,7.0,2.6,42.5,7,US
3.6,1.9,1.2,0.4,8,US
4.0,1.8,0.8,-0.4,10,US
10.9,2.8,1.4,8.2,15,US
9.8,6.0,2.5,9.1,9,Out US
12.7,4.8,1.3,11.3,9,US
6.2,3.6,1.4,8.6,15,US
6.1,1.9,2.9,8.3,19,US
10.3,4.9,1.5,36.7,3,US
21.9,4.1,4.3,56.1,3,US
3.6,3.5,0.6,4.0,6,Out US
4.1,3.2,0.6,2.3,18,US
18.7,4.2,8.9,44.5,1,US
7.6,5.0,0.4,43.7,18,US
11.4,2.0,1.0,18.6,16,US
3.9,2.4,0.2,0.5,18,Out US
10.8,2.2,3.9,54.9,5,US
8.3,3.1,1.1,10.2,10,US
4.8,4.1,1.3,13.1,11,US
8.4,1.9,1.8,6.1,17,US
6.6,5.5,0.9,20.8,1,Out US
17.1,3.1,3.4,62.8,7,US
14.4,6.7,1.8,105.1,4,US
13.4,6.1,2.2,59.4,5,US
9.5,3.2,1.7,23.1,6,US
13.0,7.3,2.8,40.2,6,US
6.7,1.5,2.2,1.5,19,US
5.3,3.3,0.6,14.7,9,US
9.9,4.4,1.6,36.4,12,US
7.7,2.6,7.6,54.0,12,US
10.1,5.1,2.9,19.9,12,US
4.4,1.7,0.3,-0.3,12,US
8.5,4.6,0.5,13.7,6,US
19.0,2.6,2.4,54.2,10,US
8.3,1.7,4.2,17.2,11,US
7.9,1.3,4.2,11.0,14,US
8.7,2.0,1.4,8.5,14,US
8.5,5.9,1.7,37.3,18,US
12.4,6.1,2.2,54.0,4,US
3.6,2.9,0.7,2.5,17,US
10.2,5.4,0.7,27.1,13,US
8.2,1.6,3.4,10.6,14,US
11.0,2.4,1.9,26.5,18,US
4.6,4.2,0.9,13.3,13,US
9.0,4.9,0.9,15.2,13,US
9.4,2.4,1.9,6.4,19,US
6.8,4.0,0.8,5.5,9,US
2.8,3.2,0.3,0.6,9,US
10.7,2.3,1.8,4.8,14,US
10.8,14.0,3.9,110.1,2,US
6.0,2.8,0.7,4.0,18,US
18.8,3.0,3.9,77.4,2,US
6.4,1.9,2.0,6.2,13,US
14.8,5.2,2.1,59.3,5,US
4.0,3.4,1.1,2.0,15,US
14.0,7.4,2.5,49.5,6,US
3.3,2.1,0.5,0.5,3,US
10.8,3.1,2.6,17.2,2,US
17.1,12.7,2.7,35.8,11,US
10.2,3.9,1.1,6.7,1,US
13.8,5.6,1.8,56.3,10,US
10.3,4.9,1.4,74.6,19,US
20.1,13.7,2.4,130.0,1,US
4.8,2.0,1.0,0.0,10,US
5.1,1.3,1.6,0.3,12,US
12.2,5.6,1.4,35.8,13,US
